-- MySQL dump 10.13  Distrib 5.1.71, for redhat-linux-gnu (x86_64)
--
-- Host: localhost    Database: cloudweb
-- ------------------------------------------------------
-- Server version	5.1.71

/*!40101 SET @OLD_CHARACTER_SET_CLIENT=@@CHARACTER_SET_CLIENT */;
/*!40101 SET @OLD_CHARACTER_SET_RESULTS=@@CHARACTER_SET_RESULTS */;
/*!40101 SET @OLD_COLLATION_CONNECTION=@@COLLATION_CONNECTION */;
/*!40101 SET NAMES utf8 */;
/*!40103 SET @OLD_TIME_ZONE=@@TIME_ZONE */;
/*!40103 SET TIME_ZONE='+00:00' */;
/*!40014 SET @OLD_UNIQUE_CHECKS=@@UNIQUE_CHECKS, UNIQUE_CHECKS=0 */;
/*!40014 SET @OLD_FOREIGN_KEY_CHECKS=@@FOREIGN_KEY_CHECKS, FOREIGN_KEY_CHECKS=0 */;
/*!40101 SET @OLD_SQL_MODE=@@SQL_MODE, SQL_MODE='NO_AUTO_VALUE_ON_ZERO' */;
/*!40111 SET @OLD_SQL_NOTES=@@SQL_NOTES, SQL_NOTES=0 */;

--
-- Table structure for table `host`
--

DROP TABLE IF EXISTS `host`;
/*!40101 SET @saved_cs_client     = @@character_set_client */;
/*!40101 SET character_set_client = utf8 */;
CREATE TABLE `host` (
  `id` bigint(20) NOT NULL AUTO_INCREMENT,
  `name` varchar(255) DEFAULT NULL,
  `uuid` varchar(255) DEFAULT NULL,
  `product` varchar(255) DEFAULT NULL,
  `manufacturer` varchar(255) DEFAULT NULL,
  `version` varchar(32) DEFAULT NULL,
  `serial` varchar(64) NOT NULL,
  `asset_tag` varchar(255) DEFAULT NULL,
  `available` varchar(8) DEFAULT NULL,
  PRIMARY KEY (`id`)
) ENGINE=InnoDB AUTO_INCREMENT=8 DEFAULT CHARSET=latin1;
/*!40101 SET character_set_client = @saved_cs_client */;

--
-- Dumping data for table `host`
--

LOCK TABLES `host` WRITE;
/*!40000 ALTER TABLE `host` DISABLE KEYS */;
INSERT INTO `host` VALUES (6,'cloudWeb','mIYuQsiH-1NmLgn-ny3t','440BX Desktop Reference Platform','Intel Corporation','None','None','Not Specified','enable'),(7,'storage','yMXt3Iwq-7R8CDQ-lgqu','440BX Desktop Reference Platform','Intel Corporation','None','None','Not Specified','enable');
/*!40000 ALTER TABLE `host` ENABLE KEYS */;
UNLOCK TABLES;

--
-- Table structure for table `host_cpu`
--

DROP TABLE IF EXISTS `host_cpu`;
/*!40101 SET @saved_cs_client     = @@character_set_client */;
/*!40101 SET character_set_client = utf8 */;
CREATE TABLE `host_cpu` (
  `id` bigint(20) NOT NULL AUTO_INCREMENT,
  `host_id` bigint(20) NOT NULL,
  `description` varchar(255) DEFAULT NULL,
  `product` varchar(255) DEFAULT NULL,
  `vendor` varchar(255) DEFAULT NULL,
  `physical_id` int(11) DEFAULT NULL,
  `bus_info` varchar(255) DEFAULT NULL,
  `version` varchar(32) DEFAULT NULL,
  `size` bigint(20) DEFAULT NULL,
  `capacity` bigint(20) DEFAULT NULL,
  `width` bigint(20) DEFAULT NULL,
  `clock` bigint(20) DEFAULT NULL,
  `cores` int(11) DEFAULT NULL,
  `enabledcores` int(11) DEFAULT NULL,
  `threads` int(11) DEFAULT NULL,
  PRIMARY KEY (`id`),
  KEY `cpu_check` (`host_id`),
  CONSTRAINT `cpu_check` FOREIGN KEY (`host_id`) REFERENCES `host` (`id`) ON DELETE CASCADE ON UPDATE CASCADE
) ENGINE=InnoDB AUTO_INCREMENT=4 DEFAULT CHARSET=latin1;
/*!40101 SET character_set_client = @saved_cs_client */;

--
-- Dumping data for table `host_cpu`
--

LOCK TABLES `host_cpu` WRITE;
/*!40000 ALTER TABLE `host_cpu` DISABLE KEYS */;
INSERT INTO `host_cpu` VALUES (2,6,'CPU','AMD A6-3650 APU with Radeon(tm) HD Graphics','Advanced Micro Devices [AMD]',4,'cpu@0','AMD A6-3650 APU with Radeon(tm) ',2600000000,4230196224,64,0,0,0,0),(3,7,'CPU','AMD A6-3650 APU with Radeon(tm) HD Graphics','Advanced Micro Devices [AMD]',4,'cpu@0','AMD A6-3650 APU with Radeon(tm) ',2600000000,4230196224,64,0,0,0,0);
/*!40000 ALTER TABLE `host_cpu` ENABLE KEYS */;
UNLOCK TABLES;

--
-- Table structure for table `host_disk`
--

DROP TABLE IF EXISTS `host_disk`;
/*!40101 SET @saved_cs_client     = @@character_set_client */;
/*!40101 SET character_set_client = utf8 */;
CREATE TABLE `host_disk` (
  `id` bigint(20) NOT NULL AUTO_INCREMENT,
  `host_id` bigint(20) NOT NULL,
  `logicalname` varchar(32) DEFAULT NULL,
  `description` varchar(255) DEFAULT NULL,
  `product` varchar(255) DEFAULT NULL,
  `vendor` varchar(255) DEFAULT NULL,
  `physical_id` int(11) DEFAULT NULL,
  `bus_info` varchar(255) DEFAULT NULL,
  `version` varchar(32) DEFAULT NULL,
  `serial` varchar(64) NOT NULL,
  `size` bigint(20) DEFAULT NULL,
  PRIMARY KEY (`id`),
  KEY `disk_check` (`host_id`),
  CONSTRAINT `disk_check` FOREIGN KEY (`host_id`) REFERENCES `host` (`id`) ON DELETE CASCADE ON UPDATE CASCADE
) ENGINE=InnoDB AUTO_INCREMENT=6 DEFAULT CHARSET=latin1;
/*!40101 SET character_set_client = @saved_cs_client */;

--
-- Dumping data for table `host_disk`
--

LOCK TABLES `host_disk` WRITE;
/*!40000 ALTER TABLE `host_disk` DISABLE KEYS */;
INSERT INTO `host_disk` VALUES (2,6,'/dev/sda','SCSI Disk','NA','NA',0,'scsi@2:0.0.0','NA','NA',107374182400),(3,7,'/dev/sda','SCSI Disk','NA','NA',0,'scsi@2:0.0.0','NA','NA',53687091200),(4,7,'/dev/sdb','SCSI Disk','NA','NA',1,'scsi@2:0.1.0','NA','NA',53687091200),(5,7,'/dev/sdc','SCSI Disk','NA','NA',2,'scsi@2:0.2.0','NA','NA',53687091200);
/*!40000 ALTER TABLE `host_disk` ENABLE KEYS */;
UNLOCK TABLES;

--
-- Table structure for table `host_mem`
--

DROP TABLE IF EXISTS `host_mem`;
/*!40101 SET @saved_cs_client     = @@character_set_client */;
/*!40101 SET character_set_client = utf8 */;
CREATE TABLE `host_mem` (
  `id` bigint(20) NOT NULL AUTO_INCREMENT,
  `host_id` bigint(20) NOT NULL,
  `total_width` varchar(16) DEFAULT NULL,
  `data_width` varchar(16) DEFAULT NULL,
  `size` varchar(16) DEFAULT NULL,
  `form_factor` varchar(64) DEFAULT NULL,
  `speed` varchar(16) DEFAULT NULL,
  `manufacturer` varchar(255) DEFAULT NULL,
  `serial` varchar(64) NOT NULL,
  `asset_tag` varchar(255) DEFAULT NULL,
  `part_number` varchar(255) DEFAULT NULL,
  PRIMARY KEY (`id`),
  KEY `host_check` (`host_id`),
  CONSTRAINT `host_check` FOREIGN KEY (`host_id`) REFERENCES `host` (`id`) ON DELETE CASCADE ON UPDATE CASCADE
) ENGINE=InnoDB AUTO_INCREMENT=4 DEFAULT CHARSET=latin1;
/*!40101 SET character_set_client = @saved_cs_client */;

--
-- Dumping data for table `host_mem`
--

LOCK TABLES `host_mem` WRITE;
/*!40000 ALTER TABLE `host_mem` DISABLE KEYS */;
INSERT INTO `host_mem` VALUES (2,6,'32 bits','32 bits','1024 MB','DIMM','Unknown','Not Specified','Not Specified','Not Specified','Not Specified'),(3,7,'32 bits','32 bits','256 MB','DIMM','Unknown','Not Specified','Not Specified','Not Specified','Not Specified');
/*!40000 ALTER TABLE `host_mem` ENABLE KEYS */;
UNLOCK TABLES;

--
-- Table structure for table `host_net`
--

DROP TABLE IF EXISTS `host_net`;
/*!40101 SET @saved_cs_client     = @@character_set_client */;
/*!40101 SET character_set_client = utf8 */;
CREATE TABLE `host_net` (
  `id` bigint(20) NOT NULL AUTO_INCREMENT,
  `host_id` bigint(20) NOT NULL,
  `logicalname` varchar(32) DEFAULT NULL,
  `description` varchar(255) DEFAULT NULL,
  `product` varchar(255) DEFAULT NULL,
  `vendor` varchar(255) DEFAULT NULL,
  `physical_id` int(11) DEFAULT NULL,
  `bus_info` varchar(255) DEFAULT NULL,
  `version` varchar(32) DEFAULT NULL,
  `serial` varchar(64) NOT NULL,
  `size` bigint(20) DEFAULT NULL,
  `capacity` bigint(20) DEFAULT NULL,
  `width` bigint(20) DEFAULT NULL,
  `clock` bigint(20) DEFAULT NULL,
  `mtu` int(11) DEFAULT NULL,
  `mac` varchar(266) DEFAULT NULL,
  `inet` varchar(64) DEFAULT NULL,
  `is_primary` varchar(8) DEFAULT NULL,
  PRIMARY KEY (`id`),
  KEY `net_check` (`host_id`),
  CONSTRAINT `net_check` FOREIGN KEY (`host_id`) REFERENCES `host` (`id`) ON DELETE CASCADE ON UPDATE CASCADE
) ENGINE=InnoDB AUTO_INCREMENT=4 DEFAULT CHARSET=latin1;
/*!40101 SET character_set_client = @saved_cs_client */;

--
-- Dumping data for table `host_net`
--

LOCK TABLES `host_net` WRITE;
/*!40000 ALTER TABLE `host_net` DISABLE KEYS */;
INSERT INTO `host_net` VALUES (2,6,'eth0','Ethernet interface','82545EM Gigabit Ethernet Controller (Copper)','Intel Corporation',1,'pci@0000:02:01.0','01','00:0c:29:78:e0:8f',1000000000,1000000000,64,66000000,1500,'00:0c:29:78:e0:8f','192.168.36.3','NA'),(3,7,'eth0','Ethernet interface','82545EM Gigabit Ethernet Controller (Copper)','Intel Corporation',1,'pci@0000:02:01.0','01','00:0c:29:52:4a:7b',1000000000,1000000000,64,66000000,1500,'00:0c:29:52:4a:7b','192.168.36.201','NA');
/*!40000 ALTER TABLE `host_net` ENABLE KEYS */;
UNLOCK TABLES;

--
-- Table structure for table `record`
--

DROP TABLE IF EXISTS `record`;
/*!40101 SET @saved_cs_client     = @@character_set_client */;
/*!40101 SET character_set_client = utf8 */;
CREATE TABLE `record` (
  `id` bigint(20) NOT NULL AUTO_INCREMENT,
  `msg` text NOT NULL,
  `time` datetime DEFAULT NULL,
  `uid` bigint(20) NOT NULL,
  `oid` bigint(20) NOT NULL,
  PRIMARY KEY (`id`),
  KEY `user_check` (`uid`),
  KEY `stobj_check` (`oid`),
  CONSTRAINT `stobj_check` FOREIGN KEY (`oid`) REFERENCES `stobj` (`id`) ON DELETE CASCADE ON UPDATE CASCADE,
  CONSTRAINT `user_check` FOREIGN KEY (`uid`) REFERENCES `user` (`id`) ON DELETE CASCADE ON UPDATE CASCADE
) ENGINE=InnoDB AUTO_INCREMENT=61 DEFAULT CHARSET=latin1;
/*!40101 SET character_set_client = @saved_cs_client */;

--
-- Dumping data for table `record`
--

LOCK TABLES `record` WRITE;
/*!40000 ALTER TABLE `record` DISABLE KEYS */;
INSERT INTO `record` VALUES (4,' AUTH_zhu__feng001163com PUT ACCOUNT AUTH_zhu__feng001163com','2016-02-23 10:17:06',3,1339),(5,' AUTH_zhu__feng001163com PUT CONTAINER normal','2016-02-23 10:17:06',3,1340),(6,' AUTH_zhu__feng001163com PUT CONTAINER normal_versions','2016-02-23 10:17:06',3,1341),(7,' AUTH_zhu__feng001163com PUT CONTAINER segments','2016-02-23 10:17:06',3,1342),(8,' AUTH_zhu__feng001163com PUT CONTAINER recycle','2016-02-23 10:17:06',3,1343),(9,' AUTH_zhu__feng001163com PUT DIR meta','2016-02-23 10:17:06',3,1344),(10,' AUTH_zhu__feng001163com PUT DIR user','2016-02-23 10:17:06',3,1345),(11,' AUTH_zhu__feng001163com PUT CONTAINER private','2016-02-23 10:17:06',3,1346),(12,' AUTH_zhu__feng001163com PUT CONTAINER private_versions','2016-02-23 10:17:06',3,1347),(13,' AUTH_zhu__feng001163com PUT CONTAINER backup','2016-02-23 10:17:07',3,1348),(14,' AUTH_zhu__feng001163com PUT CONTAINER backup_versions','2016-02-23 10:17:07',3,1349),(15,' zhu__feng001163com PUT OBJECT test.txt','2016-02-26 03:43:25',3,1350),(16,' zhu__feng001163com PUT OBJECT test3.txt','2016-02-26 05:20:14',3,1351),(17,' zhu__feng001163com PUT DIR dir','2016-02-27 07:56:22',3,1352),(19,' zhu__feng001163com PUT OBJECT test3.txt','2016-03-18 09:25:26',3,1353),(21,' zhu__feng001163com PUT OBJECT test3.txt','2016-03-18 09:35:47',3,1355),(23,' zhu__feng001163com PUT OBJECT test3.txt','2016-03-18 09:48:27',3,1356),(25,' zhu__feng001163com PUT OBJECT test3.txt','2016-03-18 09:48:52',3,1357),(27,' zhu__feng001163com PUT OBJECT test3.txt','2016-03-18 09:51:15',3,1358),(28,' zhu__feng001163com PUT OBJECT test3.txt','2016-03-18 09:58:45',3,1359),(30,' zhu__feng001163com PUT OBJECT test3.txt','2016-03-18 10:06:07',3,1360),(31,' zhu__feng001163com MOVE OBJECT test3.txt TO 1458266809.81503','2016-03-18 10:06:53',3,1360),(32,' zhu__feng001163com PUT OBJECT test3.txt','2016-03-18 10:06:53',3,1361),(33,' zhu__feng001163com MOVE OBJECT test3.txt TO 1458266854.51305','2016-03-18 10:07:34',3,1361),(34,' zhu__feng001163com PUT OBJECT test3.txt','2016-03-18 10:07:34',3,1362),(35,' zhu__feng001163com MOVE OBJECT test3.txt TO 1458266857.38204','2016-03-18 10:07:37',3,1362),(36,' zhu__feng001163com PUT OBJECT test3.txt','2016-03-18 10:07:37',3,1363),(37,' zhu__feng001163com MOVE OBJECT test3.txt TO 1458266865.50919','2016-03-18 10:07:45',3,1363),(38,' zhu__feng001163com PUT OBJECT test3.txt','2016-03-18 10:07:45',3,1364),(39,' zhu__feng001163com MOVE OBJECT test3.txt TO 1458266957.60260','2016-03-18 10:09:17',3,1364),(40,' zhu__feng001163com PUT OBJECT test3.txt','2016-03-18 10:09:17',3,1365),(41,' zhu__feng001163com MOVE OBJECT test3.txt TO 1458266992.81032','2016-03-18 10:09:52',3,1365),(42,' zhu__feng001163com PUT OBJECT test3.txt','2016-03-18 10:09:53',3,1366),(43,' zhu__feng001163com MOVE OBJECT test3.txt TO 1458267007.13547','2016-03-18 10:10:07',3,1366),(44,' zhu__feng001163com PUT OBJECT test3.txt','2016-03-18 10:10:07',3,1367),(45,' zhu__feng001163com MOVE OBJECT test3.txt TO 1458267044.66380','2016-03-18 10:10:44',3,1367),(46,' zhu__feng001163com PUT OBJECT test3.txt','2016-03-18 10:10:44',3,1368),(47,' zhu__feng001163com MOVE OBJECT test3.txt TO 1458267176.64724','2016-03-18 10:12:56',3,1368),(48,' zhu__feng001163com PUT OBJECT test3.txt','2016-03-18 10:12:56',3,1369),(49,' zhu__feng001163com MOVE OBJECT test3.txt TO RECYCLE','2016-03-18 10:14:53',3,1369),(50,' administrator163com PUT ACCOUNT administrator163com','2016-03-19 04:24:02',4,1370),(51,' administrator163com PUT CONTAINER normal','2016-03-19 04:24:02',4,1371),(52,' administrator163com PUT CONTAINER normal_versions','2016-03-19 04:24:02',4,1372),(53,' administrator163com PUT CONTAINER segments','2016-03-19 04:24:03',4,1373),(54,' administrator163com PUT CONTAINER recycle','2016-03-19 04:24:03',4,1374),(55,' administrator163com PUT DIR meta','2016-03-19 04:24:03',4,1375),(56,' administrator163com PUT DIR user','2016-03-19 04:24:03',4,1376),(57,' administrator163com PUT CONTAINER private','2016-03-19 04:24:03',4,1377),(58,' administrator163com PUT CONTAINER private_versions','2016-03-19 04:24:03',4,1378),(59,' administrator163com PUT CONTAINER backup','2016-03-19 04:24:03',4,1379),(60,' administrator163com PUT CONTAINER backup_versions','2016-03-19 04:24:03',4,1380);
/*!40000 ALTER TABLE `record` ENABLE KEYS */;
UNLOCK TABLES;

--
-- Table structure for table `stat_cpu`
--

DROP TABLE IF EXISTS `stat_cpu`;
/*!40101 SET @saved_cs_client     = @@character_set_client */;
/*!40101 SET character_set_client = utf8 */;
CREATE TABLE `stat_cpu` (
  `id` bigint(20) NOT NULL AUTO_INCREMENT,
  `host_id` bigint(20) NOT NULL,
  `timestamp` datetime DEFAULT NULL,
  `utilization` float(8,4) DEFAULT NULL,
  `seq` bigint(20) DEFAULT NULL,
  PRIMARY KEY (`id`),
  KEY `stat_cpu_check` (`host_id`),
  CONSTRAINT `stat_cpu_check` FOREIGN KEY (`host_id`) REFERENCES `host` (`id`) ON DELETE CASCADE ON UPDATE CASCADE
) ENGINE=InnoDB AUTO_INCREMENT=644 DEFAULT CHARSET=latin1;
/*!40101 SET character_set_client = @saved_cs_client */;

--
-- Dumping data for table `stat_cpu`
--

LOCK TABLES `stat_cpu` WRITE;
/*!40000 ALTER TABLE `stat_cpu` DISABLE KEYS */;
INSERT INTO `stat_cpu` VALUES (444,6,'2016-04-11 19:58:54',5.2000,3400),(445,6,'2016-04-11 19:59:00',11.8000,3401),(446,6,'2016-04-11 19:59:06',11.8000,3402),(447,6,'2016-04-11 19:59:12',11.4000,3403),(448,6,'2016-04-11 19:59:18',5.2000,3404),(449,6,'2016-04-11 19:59:24',5.2000,3405),(450,6,'2016-04-11 19:59:30',4.1000,3406),(451,6,'2016-04-11 19:59:36',4.6000,3407),(452,6,'2016-04-11 19:59:42',9.7000,3408),(453,6,'2016-04-11 19:59:48',8.2000,3409),(454,6,'2016-04-11 19:59:54',9.7000,3410),(455,6,'2016-04-11 20:00:00',6.7000,3411),(456,6,'2016-04-11 20:00:06',7.2000,3412),(457,6,'2016-04-11 20:00:12',7.8000,3413),(458,6,'2016-04-11 20:00:18',5.1000,3414),(459,6,'2016-04-11 20:00:24',7.7000,3415),(460,6,'2016-04-11 20:00:30',8.8000,3416),(461,6,'2016-04-11 20:00:36',8.2000,3417),(462,6,'2016-04-11 20:00:42',6.1000,3418),(463,6,'2016-04-11 20:00:48',4.1000,3419),(464,6,'2016-04-11 20:00:54',4.7000,3420),(465,6,'2016-04-11 20:01:00',7.2000,3421),(466,6,'2016-04-11 20:01:06',10.8000,3422),(467,6,'2016-04-11 20:01:12',12.4000,3423),(468,6,'2016-04-11 20:01:18',9.2000,3424),(469,6,'2016-04-11 20:01:24',5.1000,3425),(470,6,'2016-04-11 20:01:30',6.2000,3426),(471,6,'2016-04-11 20:01:36',4.7000,3427),(472,6,'2016-04-11 20:01:42',4.1000,3428),(473,6,'2016-04-11 20:01:48',3.6000,3429),(474,6,'2016-04-11 20:01:54',11.3000,3430),(475,6,'2016-04-11 20:02:00',12.0000,3431),(476,6,'2016-04-11 20:02:06',7.8000,3432),(477,6,'2016-04-11 20:02:12',6.2000,3433),(478,6,'2016-04-11 20:02:18',4.6000,3434),(479,6,'2016-04-11 20:02:24',5.6000,3435),(480,6,'2016-04-11 20:02:30',5.2000,3436),(481,6,'2016-04-11 20:02:36',9.3000,3437),(482,6,'2016-04-11 20:02:42',8.2000,3438),(483,6,'2016-04-11 20:02:48',6.7000,3439),(484,6,'2016-04-11 20:02:54',6.7000,3440),(485,6,'2016-04-11 20:03:00',7.3000,3441),(486,6,'2016-04-11 20:03:07',7.2000,3442),(487,6,'2016-04-11 20:03:13',4.1000,3443),(488,6,'2016-04-11 20:03:19',7.7000,3444),(489,6,'2016-04-11 20:03:25',9.2000,3445),(490,6,'2016-04-11 20:03:31',6.7000,3446),(491,6,'2016-04-11 20:03:37',4.6000,3447),(492,6,'2016-04-11 20:03:43',3.6000,3448),(493,6,'2016-04-11 20:03:49',5.7000,3449),(494,6,'2016-04-11 20:03:55',7.3000,3450),(495,6,'2016-04-11 20:04:01',10.4000,3451),(496,6,'2016-04-11 20:04:07',12.4000,3452),(497,6,'2016-04-11 20:04:13',9.8000,3453),(498,6,'2016-04-11 20:04:19',3.6000,3454),(499,6,'2016-04-11 20:04:25',5.1000,3455),(500,6,'2016-04-11 20:04:29',8.8000,3456),(501,6,'2016-04-11 19:54:35',4.6000,3357),(502,6,'2016-04-11 19:54:41',7.7000,3358),(503,6,'2016-04-11 19:54:47',8.7000,3359),(504,6,'2016-04-11 19:54:53',9.9000,3360),(505,6,'2016-04-11 19:54:59',5.6000,3361),(506,6,'2016-04-11 19:55:05',6.2000,3362),(507,6,'2016-04-11 19:55:11',7.7000,3363),(508,6,'2016-04-11 19:55:17',6.2000,3364),(509,6,'2016-04-11 19:55:23',8.2000,3365),(510,6,'2016-04-11 19:55:29',7.8000,3366),(511,6,'2016-04-11 19:55:35',8.2000,3367),(512,6,'2016-04-11 19:55:41',6.2000,3368),(513,6,'2016-04-11 19:55:47',4.6000,3369),(514,6,'2016-04-11 19:55:53',5.7000,3370),(515,6,'2016-04-11 19:55:59',6.6000,3371),(516,6,'2016-04-11 19:56:05',7.2000,3372),(517,6,'2016-04-11 19:56:11',12.4000,3373),(518,6,'2016-04-11 19:56:17',10.4000,3374),(519,6,'2016-04-11 19:56:23',8.2000,3375),(520,6,'2016-04-11 19:56:29',5.6000,3376),(521,6,'2016-04-11 19:56:35',4.1000,3377),(522,6,'2016-04-11 19:56:41',5.7000,3378),(523,6,'2016-04-11 19:56:47',3.6000,3379),(524,6,'2016-04-11 19:56:53',9.7000,3380),(525,6,'2016-04-11 19:56:59',10.3000,3381),(526,6,'2016-04-11 19:57:05',9.8000,3382),(527,6,'2016-04-11 19:57:11',7.8000,3383),(528,6,'2016-04-11 19:57:17',5.7000,3384),(529,6,'2016-04-11 19:57:23',6.2000,3385),(530,6,'2016-04-11 19:57:29',5.6000,3386),(531,6,'2016-04-11 19:57:35',7.7000,3387),(532,6,'2016-04-11 19:57:41',9.3000,3388),(533,6,'2016-04-11 19:57:47',8.2000,3389),(534,6,'2016-04-11 19:57:53',5.7000,3390),(535,6,'2016-04-11 19:57:59',7.3000,3391),(536,6,'2016-04-11 19:58:05',6.3000,3392),(537,6,'2016-04-11 19:58:12',8.2000,3393),(538,6,'2016-04-11 19:58:18',9.8000,3394),(539,6,'2016-04-11 19:58:24',8.3000,3395),(540,6,'2016-04-11 19:58:30',9.2000,3396),(541,6,'2016-04-11 19:58:36',5.6000,3397),(542,6,'2016-04-11 19:58:42',4.7000,3398),(543,6,'2016-04-11 19:58:48',4.6000,3399),(544,7,'2016-04-01 05:53:40',3.0000,300),(545,7,'2016-04-01 05:53:42',3.5000,301),(546,7,'2016-04-01 05:53:44',2.0000,302),(547,7,'2016-04-01 05:53:46',2.0000,303),(548,7,'2016-04-01 05:53:48',4.1000,304),(549,7,'2016-04-01 05:53:50',2.5000,305),(550,7,'2016-04-01 05:53:52',1.0000,306),(551,7,'2016-04-01 05:53:54',5.0000,307),(552,7,'2016-04-01 05:53:56',1.5000,308),(553,7,'2016-04-01 05:53:58',1.5000,309),(554,7,'2016-04-01 05:54:00',4.0000,310),(555,7,'2016-04-01 05:54:02',1.5000,311),(556,7,'2016-04-01 05:54:04',6.0000,312),(557,7,'2016-04-01 05:54:06',1.0000,313),(558,7,'2016-04-01 05:54:08',3.0000,314),(559,7,'2016-04-01 05:54:10',5.6000,315),(560,7,'2016-04-01 05:54:12',2.0000,316),(561,7,'2016-04-01 05:54:14',2.0000,317),(562,7,'2016-04-01 05:54:16',4.0000,318),(563,7,'2016-04-01 05:54:18',1.5000,319),(564,7,'2016-04-01 05:54:20',5.0000,320),(565,7,'2016-04-01 05:54:22',1.5000,321),(566,7,'2016-04-01 05:54:24',2.0000,322),(567,7,'2016-04-01 05:54:26',4.6000,323),(568,7,'2016-04-01 05:54:28',1.0000,324),(569,7,'2016-04-01 05:54:30',2.5000,325),(570,7,'2016-04-01 05:54:32',4.0000,326),(571,7,'2016-04-01 05:54:34',2.5000,327),(572,7,'2016-04-01 05:54:36',1.5000,328),(573,7,'2016-04-01 05:54:38',5.6000,329),(574,7,'2016-04-01 05:54:40',3.0000,330),(575,7,'2016-04-01 05:54:42',5.5000,331),(576,7,'2016-04-01 05:54:44',2.5000,332),(577,7,'2016-04-01 05:54:46',1.0000,333),(578,7,'2016-04-01 05:54:48',5.1000,334),(579,7,'2016-04-01 05:54:50',2.0000,335),(580,7,'2016-04-01 05:54:52',1.0000,336),(581,7,'2016-04-01 05:54:54',4.1000,337),(582,7,'2016-04-01 05:54:56',1.0000,338),(583,7,'2016-04-01 05:54:58',2.5000,339),(584,7,'2016-04-01 05:55:00',4.0000,340),(585,7,'2016-04-01 05:55:02',1.5000,341),(586,7,'2016-04-01 05:55:04',5.1000,342),(587,7,'2016-04-01 05:55:06',1.5000,343),(588,7,'2016-04-01 05:55:08',2.0000,344),(589,7,'2016-04-01 05:55:10',5.6000,345),(590,7,'2016-04-01 05:55:12',1.0000,346),(591,7,'2016-04-01 05:55:14',2.5000,347),(592,7,'2016-04-01 05:55:16',4.5000,348),(593,7,'2016-04-01 05:55:18',1.0000,349),(594,7,'2016-04-01 05:55:20',5.5000,350),(595,7,'2016-04-01 05:55:22',1.0000,351),(596,7,'2016-04-01 05:55:24',1.0000,352),(597,7,'2016-04-01 05:55:26',6.0000,353),(598,7,'2016-04-01 05:55:28',1.5000,354),(599,7,'2016-04-01 05:55:30',1.5000,355),(600,7,'2016-04-01 05:55:33',5.5000,356),(601,7,'2016-04-01 05:55:35',1.5000,357),(602,7,'2016-04-01 05:55:37',3.0000,358),(603,7,'2016-04-01 05:55:39',4.0000,359),(604,7,'2016-04-01 05:55:41',3.0000,360),(605,7,'2016-04-01 05:55:43',4.1000,361),(606,7,'2016-04-01 05:55:45',1.5000,362),(607,7,'2016-04-01 05:55:47',2.5000,363),(608,7,'2016-04-01 05:55:49',5.0000,364),(609,7,'2016-04-01 05:55:51',2.0000,365),(610,7,'2016-04-01 05:55:53',2.0000,366),(611,7,'2016-04-01 05:55:55',4.5000,367),(612,7,'2016-04-01 05:55:57',2.0000,368),(613,7,'2016-04-01 05:55:59',5.5000,369),(614,7,'2016-04-01 05:56:01',2.5000,370),(615,7,'2016-04-01 05:56:03',1.0000,371),(616,7,'2016-04-01 05:56:05',5.1000,372),(617,7,'2016-04-01 05:56:07',2.0000,373),(618,7,'2016-04-01 05:56:09',2.5000,374),(619,7,'2016-04-01 05:56:11',6.6000,375),(620,7,'2016-04-01 05:56:13',1.5000,376),(621,7,'2016-04-01 05:56:15',1.5000,377),(622,7,'2016-04-01 05:56:17',4.5000,378),(623,7,'2016-04-01 05:56:19',1.5000,379),(624,7,'2016-04-01 05:56:21',5.6000,380),(625,7,'2016-04-01 05:56:23',1.0000,381),(626,7,'2016-04-01 05:56:25',1.5000,382),(627,7,'2016-04-01 05:56:27',5.6000,383),(628,7,'2016-04-01 05:56:29',1.5000,384),(629,7,'2016-04-01 05:56:31',2.0000,385),(630,7,'2016-04-01 05:56:33',4.0000,386),(631,7,'2016-04-01 05:56:35',0.5000,387),(632,7,'2016-04-01 05:56:37',4.5000,388),(633,7,'2016-04-01 05:56:39',3.5000,389),(634,7,'2016-04-01 05:56:41',15.0000,390),(635,7,'2016-04-01 05:56:43',5.0000,391),(636,7,'2016-04-01 05:56:45',1.5000,392),(637,7,'2016-04-01 05:56:47',2.0000,393),(638,7,'2016-04-01 05:56:49',4.6000,394),(639,7,'2016-04-01 05:56:51',3.5000,395),(640,7,'2016-04-01 05:56:53',1.5000,396),(641,7,'2016-04-01 05:53:34',3.0000,297),(642,7,'2016-04-01 05:53:36',1.5000,298),(643,7,'2016-04-01 05:53:38',5.6000,299);
/*!40000 ALTER TABLE `stat_cpu` ENABLE KEYS */;
UNLOCK TABLES;

--
-- Table structure for table `stat_disk`
--

DROP TABLE IF EXISTS `stat_disk`;
/*!40101 SET @saved_cs_client     = @@character_set_client */;
/*!40101 SET character_set_client = utf8 */;
CREATE TABLE `stat_disk` (
  `id` bigint(20) NOT NULL AUTO_INCREMENT,
  `host_id` bigint(20) NOT NULL,
  `timestamp` datetime DEFAULT NULL,
  `disk_read_per_sec` bigint(20) DEFAULT NULL,
  `disk_write_per_sec` bigint(20) DEFAULT NULL,
  `seq` bigint(20) DEFAULT NULL,
  PRIMARY KEY (`id`),
  KEY `stat_disk_check` (`host_id`),
  CONSTRAINT `stat_disk_check` FOREIGN KEY (`host_id`) REFERENCES `host` (`id`) ON DELETE CASCADE ON UPDATE CASCADE
) ENGINE=InnoDB AUTO_INCREMENT=340 DEFAULT CHARSET=latin1;
/*!40101 SET character_set_client = @saved_cs_client */;

--
-- Dumping data for table `stat_disk`
--

LOCK TABLES `stat_disk` WRITE;
/*!40000 ALTER TABLE `stat_disk` DISABLE KEYS */;
INSERT INTO `stat_disk` VALUES (140,6,'2016-04-11 20:00:07',0,0,1200),(141,6,'2016-04-11 20:00:13',0,0,1201),(142,6,'2016-04-11 20:00:19',0,0,1202),(143,6,'2016-04-11 20:00:25',0,0,1203),(144,6,'2016-04-11 20:00:31',0,0,1204),(145,6,'2016-04-11 20:00:37',0,0,1205),(146,6,'2016-04-11 20:00:43',0,0,1206),(147,6,'2016-04-11 20:00:49',0,0,1207),(148,6,'2016-04-11 20:00:55',0,0,1208),(149,6,'2016-04-11 20:01:01',0,0,1209),(150,6,'2016-04-11 20:01:07',0,0,1210),(151,6,'2016-04-11 20:01:13',0,0,1211),(152,6,'2016-04-11 20:01:19',0,0,1212),(153,6,'2016-04-11 20:01:25',0,0,1213),(154,6,'2016-04-11 20:01:31',0,0,1214),(155,6,'2016-04-11 20:01:37',0,0,1215),(156,6,'2016-04-11 20:01:43',0,0,1216),(157,6,'2016-04-11 20:01:49',0,0,1217),(158,6,'2016-04-11 20:01:55',0,0,1218),(159,6,'2016-04-11 20:02:01',0,0,1219),(160,6,'2016-04-11 20:02:07',0,0,1220),(161,6,'2016-04-11 20:02:13',0,0,1221),(162,6,'2016-04-11 20:02:19',0,0,1222),(163,6,'2016-04-11 20:02:25',0,0,1223),(164,6,'2016-04-11 20:02:31',0,0,1224),(165,6,'2016-04-11 20:02:37',0,0,1225),(166,6,'2016-04-11 20:02:43',0,0,1226),(167,6,'2016-04-11 20:02:49',0,0,1227),(168,6,'2016-04-11 20:02:55',0,0,1228),(169,6,'2016-04-11 20:03:01',0,0,1229),(170,6,'2016-04-11 20:03:07',0,0,1230),(171,6,'2016-04-11 20:03:13',0,0,1231),(172,6,'2016-04-11 20:03:19',0,0,1232),(173,6,'2016-04-11 20:03:25',0,0,1233),(174,6,'2016-04-11 20:03:31',0,0,1234),(175,6,'2016-04-11 20:03:37',0,0,1235),(176,6,'2016-04-11 20:03:43',0,0,1236),(177,6,'2016-04-11 20:03:49',0,0,1237),(178,6,'2016-04-11 20:03:55',0,0,1238),(179,6,'2016-04-11 20:04:01',0,0,1239),(180,6,'2016-04-11 20:04:07',0,0,1240),(181,6,'2016-04-11 20:04:13',0,0,1241),(182,6,'2016-04-11 20:04:19',0,0,1242),(183,6,'2016-04-11 20:04:25',0,0,1243),(184,6,'2016-04-11 20:04:29',0,0,1244),(185,6,'2016-04-11 19:54:36',0,0,1145),(186,6,'2016-04-11 19:54:42',0,0,1146),(187,6,'2016-04-11 19:54:48',0,0,1147),(188,6,'2016-04-11 19:54:54',0,0,1148),(189,6,'2016-04-11 19:55:00',0,0,1149),(190,6,'2016-04-11 19:55:06',0,0,1150),(191,6,'2016-04-11 19:55:12',0,0,1151),(192,6,'2016-04-11 19:55:18',0,0,1152),(193,6,'2016-04-11 19:55:24',0,0,1153),(194,6,'2016-04-11 19:55:30',0,0,1154),(195,6,'2016-04-11 19:55:36',0,0,1155),(196,6,'2016-04-11 19:55:42',0,0,1156),(197,6,'2016-04-11 19:55:48',0,0,1157),(198,6,'2016-04-11 19:55:54',0,0,1158),(199,6,'2016-04-11 19:56:00',0,0,1159),(200,6,'2016-04-11 19:56:06',0,0,1160),(201,6,'2016-04-11 19:56:12',0,0,1161),(202,6,'2016-04-11 19:56:18',0,0,1162),(203,6,'2016-04-11 19:56:24',0,0,1163),(204,6,'2016-04-11 19:56:30',0,0,1164),(205,6,'2016-04-11 19:56:36',0,0,1165),(206,6,'2016-04-11 19:56:42',0,0,1166),(207,6,'2016-04-11 19:56:48',0,0,1167),(208,6,'2016-04-11 19:56:54',0,0,1168),(209,6,'2016-04-11 19:57:00',0,0,1169),(210,6,'2016-04-11 19:57:06',0,0,1170),(211,6,'2016-04-11 19:57:12',0,0,1171),(212,6,'2016-04-11 19:57:18',0,0,1172),(213,6,'2016-04-11 19:57:24',0,0,1173),(214,6,'2016-04-11 19:57:30',0,0,1174),(215,6,'2016-04-11 19:57:36',0,0,1175),(216,6,'2016-04-11 19:57:42',0,0,1176),(217,6,'2016-04-11 19:57:48',0,0,1177),(218,6,'2016-04-11 19:57:54',0,0,1178),(219,6,'2016-04-11 19:58:00',0,0,1179),(220,6,'2016-04-11 19:58:06',0,0,1180),(221,6,'2016-04-11 19:58:12',0,0,1181),(222,6,'2016-04-11 19:58:18',0,0,1182),(223,6,'2016-04-11 19:58:24',0,0,1183),(224,6,'2016-04-11 19:58:30',0,0,1184),(225,6,'2016-04-11 19:58:36',0,0,1185),(226,6,'2016-04-11 19:58:42',0,0,1186),(227,6,'2016-04-11 19:58:48',0,0,1187),(228,6,'2016-04-11 19:58:54',0,0,1188),(229,6,'2016-04-11 19:59:00',0,0,1189),(230,6,'2016-04-11 19:59:06',0,0,1190),(231,6,'2016-04-11 19:59:12',0,0,1191),(232,6,'2016-04-11 19:59:19',0,0,1192),(233,6,'2016-04-11 19:59:25',0,0,1193),(234,6,'2016-04-11 19:59:31',0,0,1194),(235,6,'2016-04-11 19:59:37',0,0,1195),(236,6,'2016-04-11 19:59:43',0,0,1196),(237,6,'2016-04-11 19:59:49',0,0,1197),(238,6,'2016-04-11 19:59:55',0,0,1198),(239,6,'2016-04-11 20:00:01',0,0,1199),(240,7,'2016-04-01 05:53:40',0,0,300),(241,7,'2016-04-01 05:53:42',0,0,301),(242,7,'2016-04-01 05:53:44',0,0,302),(243,7,'2016-04-01 05:53:46',0,0,303),(244,7,'2016-04-01 05:53:48',0,0,304),(245,7,'2016-04-01 05:53:50',0,0,305),(246,7,'2016-04-01 05:53:52',0,0,306),(247,7,'2016-04-01 05:53:54',0,0,307),(248,7,'2016-04-01 05:53:56',0,0,308),(249,7,'2016-04-01 05:53:58',0,0,309),(250,7,'2016-04-01 05:54:00',0,0,310),(251,7,'2016-04-01 05:54:02',0,0,311),(252,7,'2016-04-01 05:54:04',0,0,312),(253,7,'2016-04-01 05:54:06',0,0,313),(254,7,'2016-04-01 05:54:08',0,0,314),(255,7,'2016-04-01 05:54:10',0,0,315),(256,7,'2016-04-01 05:54:12',0,0,316),(257,7,'2016-04-01 05:54:14',0,0,317),(258,7,'2016-04-01 05:54:16',0,0,318),(259,7,'2016-04-01 05:54:18',0,0,319),(260,7,'2016-04-01 05:54:20',0,0,320),(261,7,'2016-04-01 05:54:22',0,0,321),(262,7,'2016-04-01 05:54:24',0,0,322),(263,7,'2016-04-01 05:54:26',0,0,323),(264,7,'2016-04-01 05:54:28',0,0,324),(265,7,'2016-04-01 05:54:30',0,0,325),(266,7,'2016-04-01 05:54:32',0,0,326),(267,7,'2016-04-01 05:54:34',0,0,327),(268,7,'2016-04-01 05:54:36',0,0,328),(269,7,'2016-04-01 05:54:38',0,0,329),(270,7,'2016-04-01 05:54:40',0,0,330),(271,7,'2016-04-01 05:54:42',0,0,331),(272,7,'2016-04-01 05:54:44',0,0,332),(273,7,'2016-04-01 05:54:46',0,0,333),(274,7,'2016-04-01 05:54:48',0,0,334),(275,7,'2016-04-01 05:54:50',0,0,335),(276,7,'2016-04-01 05:54:52',0,0,336),(277,7,'2016-04-01 05:54:54',0,0,337),(278,7,'2016-04-01 05:54:56',0,0,338),(279,7,'2016-04-01 05:54:58',0,0,339),(280,7,'2016-04-01 05:55:00',0,0,340),(281,7,'2016-04-01 05:55:02',0,0,341),(282,7,'2016-04-01 05:55:04',0,0,342),(283,7,'2016-04-01 05:55:06',0,0,343),(284,7,'2016-04-01 05:55:08',0,0,344),(285,7,'2016-04-01 05:55:10',0,0,345),(286,7,'2016-04-01 05:55:12',0,0,346),(287,7,'2016-04-01 05:55:14',0,0,347),(288,7,'2016-04-01 05:55:16',0,0,348),(289,7,'2016-04-01 05:55:18',0,0,349),(290,7,'2016-04-01 05:55:20',0,0,350),(291,7,'2016-04-01 05:55:22',0,0,351),(292,7,'2016-04-01 05:55:24',0,0,352),(293,7,'2016-04-01 05:55:26',0,0,353),(294,7,'2016-04-01 05:55:28',0,0,354),(295,7,'2016-04-01 05:55:30',0,0,355),(296,7,'2016-04-01 05:55:32',0,0,356),(297,7,'2016-04-01 05:55:34',0,0,357),(298,7,'2016-04-01 05:55:36',0,0,358),(299,7,'2016-04-01 05:55:38',0,0,359),(300,7,'2016-04-01 05:55:40',0,0,360),(301,7,'2016-04-01 05:55:42',0,0,361),(302,7,'2016-04-01 05:55:44',0,0,362),(303,7,'2016-04-01 05:55:46',0,0,363),(304,7,'2016-04-01 05:55:48',0,0,364),(305,7,'2016-04-01 05:55:50',0,0,365),(306,7,'2016-04-01 05:55:52',0,0,366),(307,7,'2016-04-01 05:55:54',0,0,367),(308,7,'2016-04-01 05:55:56',0,0,368),(309,7,'2016-04-01 05:55:58',0,0,369),(310,7,'2016-04-01 05:56:00',0,0,370),(311,7,'2016-04-01 05:56:02',0,0,371),(312,7,'2016-04-01 05:56:04',0,0,372),(313,7,'2016-04-01 05:56:06',0,0,373),(314,7,'2016-04-01 05:56:08',0,0,374),(315,7,'2016-04-01 05:56:10',0,0,375),(316,7,'2016-04-01 05:56:13',0,0,376),(317,7,'2016-04-01 05:56:15',0,0,377),(318,7,'2016-04-01 05:56:17',0,0,378),(319,7,'2016-04-01 05:56:19',0,0,379),(320,7,'2016-04-01 05:56:21',0,0,380),(321,7,'2016-04-01 05:56:23',0,0,381),(322,7,'2016-04-01 05:56:25',0,0,382),(323,7,'2016-04-01 05:56:27',0,0,383),(324,7,'2016-04-01 05:56:29',0,0,384),(325,7,'2016-04-01 05:56:31',0,0,385),(326,7,'2016-04-01 05:56:33',0,0,386),(327,7,'2016-04-01 05:56:35',0,0,387),(328,7,'2016-04-01 05:56:37',0,0,388),(329,7,'2016-04-01 05:56:39',0,0,389),(330,7,'2016-04-01 05:56:41',0,0,390),(331,7,'2016-04-01 05:56:43',0,0,391),(332,7,'2016-04-01 05:56:45',0,0,392),(333,7,'2016-04-01 05:56:47',0,0,393),(334,7,'2016-04-01 05:56:49',0,0,394),(335,7,'2016-04-01 05:56:51',0,0,395),(336,7,'2016-04-01 05:56:53',0,0,396),(337,7,'2016-04-01 05:53:34',0,0,297),(338,7,'2016-04-01 05:53:36',0,0,298),(339,7,'2016-04-01 05:53:38',0,0,299);
/*!40000 ALTER TABLE `stat_disk` ENABLE KEYS */;
UNLOCK TABLES;

--
-- Table structure for table `stat_mem`
--

DROP TABLE IF EXISTS `stat_mem`;
/*!40101 SET @saved_cs_client     = @@character_set_client */;
/*!40101 SET character_set_client = utf8 */;
CREATE TABLE `stat_mem` (
  `id` bigint(20) NOT NULL AUTO_INCREMENT,
  `host_id` bigint(20) NOT NULL,
  `timestamp` datetime DEFAULT NULL,
  `total` bigint(20) DEFAULT NULL,
  `available` bigint(20) DEFAULT NULL,
  `seq` bigint(20) DEFAULT NULL,
  PRIMARY KEY (`id`),
  KEY `stat_mem_check` (`host_id`),
  CONSTRAINT `stat_mem_check` FOREIGN KEY (`host_id`) REFERENCES `host` (`id`) ON DELETE CASCADE ON UPDATE CASCADE
) ENGINE=InnoDB AUTO_INCREMENT=346 DEFAULT CHARSET=latin1;
/*!40101 SET character_set_client = @saved_cs_client */;

--
-- Dumping data for table `stat_mem`
--

LOCK TABLES `stat_mem` WRITE;
/*!40000 ALTER TABLE `stat_mem` DISABLE KEYS */;
INSERT INTO `stat_mem` VALUES (146,6,'2016-04-11 19:58:23',1036644352,735223808,3400),(147,6,'2016-04-11 19:58:29',1036644352,735232000,3401),(148,6,'2016-04-11 19:58:35',1036644352,735232000,3402),(149,6,'2016-04-11 19:58:41',1036644352,735232000,3403),(150,6,'2016-04-11 19:58:47',1036644352,735232000,3404),(151,6,'2016-04-11 19:58:53',1036644352,735232000,3405),(152,6,'2016-04-11 19:58:59',1036644352,735113216,3406),(153,6,'2016-04-11 19:59:05',1036644352,735121408,3407),(154,6,'2016-04-11 19:59:11',1036644352,735121408,3408),(155,6,'2016-04-11 19:59:17',1036644352,735117312,3409),(156,6,'2016-04-11 19:59:23',1036644352,735117312,3410),(157,6,'2016-04-11 19:59:29',1036644352,735129600,3411),(158,6,'2016-04-11 19:59:35',1036644352,735133696,3412),(159,6,'2016-04-11 19:59:41',1036644352,735133696,3413),(160,6,'2016-04-11 19:59:47',1036644352,735137792,3414),(161,6,'2016-04-11 19:59:53',1036644352,735141888,3415),(162,6,'2016-04-11 19:59:59',1036644352,735141888,3416),(163,6,'2016-04-11 20:00:05',1036644352,734629888,3417),(164,6,'2016-04-11 20:00:11',1036644352,734642176,3418),(165,6,'2016-04-11 20:00:17',1036644352,734642176,3419),(166,6,'2016-04-11 20:00:23',1036644352,734646272,3420),(167,6,'2016-04-11 20:00:29',1036644352,734646272,3421),(168,6,'2016-04-11 20:00:35',1036644352,734658560,3422),(169,6,'2016-04-11 20:00:41',1036644352,734666752,3423),(170,6,'2016-04-11 20:00:47',1036644352,734666752,3424),(171,6,'2016-04-11 20:00:53',1036644352,734674944,3425),(172,6,'2016-04-11 20:00:59',1036644352,734679040,3426),(173,6,'2016-04-11 20:01:05',1036644352,734666752,3427),(174,6,'2016-04-11 20:01:11',1036644352,734699520,3428),(175,6,'2016-04-11 20:01:17',1036644352,734699520,3429),(176,6,'2016-04-11 20:01:23',1036644352,734703616,3430),(177,6,'2016-04-11 20:01:29',1036644352,734707712,3431),(178,6,'2016-04-11 20:01:35',1036644352,734711808,3432),(179,6,'2016-04-11 20:01:41',1036644352,734711808,3433),(180,6,'2016-04-11 20:01:47',1036644352,734711808,3434),(181,6,'2016-04-11 20:01:53',1036644352,734724096,3435),(182,6,'2016-04-11 20:02:00',1036644352,734732288,3436),(183,6,'2016-04-11 20:02:06',1036644352,734736384,3437),(184,6,'2016-04-11 20:02:12',1036644352,734736384,3438),(185,6,'2016-04-11 20:02:18',1036644352,734740480,3439),(186,6,'2016-04-11 20:02:24',1036644352,734740480,3440),(187,6,'2016-04-11 20:02:30',1036644352,734740480,3441),(188,6,'2016-04-11 20:02:36',1036644352,734740480,3442),(189,6,'2016-04-11 20:02:42',1036644352,734740480,3443),(190,6,'2016-04-11 20:02:48',1036644352,734740480,3444),(191,6,'2016-04-11 20:02:54',1036644352,734740480,3445),(192,6,'2016-04-11 20:03:00',1036644352,734740480,3446),(193,6,'2016-04-11 20:03:06',1036644352,734744576,3447),(194,6,'2016-04-11 20:03:12',1036644352,734744576,3448),(195,6,'2016-04-11 20:03:18',1036644352,734744576,3449),(196,6,'2016-04-11 20:03:24',1036644352,734744576,3450),(197,6,'2016-04-11 20:03:30',1036644352,734744576,3451),(198,6,'2016-04-11 20:03:36',1036644352,734748672,3452),(199,6,'2016-04-11 20:03:42',1036644352,734748672,3453),(200,6,'2016-04-11 20:03:48',1036644352,734748672,3454),(201,6,'2016-04-11 20:03:54',1036644352,734752768,3455),(202,6,'2016-04-11 20:04:00',1036644352,734756864,3456),(203,6,'2016-04-11 20:04:06',1036644352,734756864,3457),(204,6,'2016-04-11 20:04:12',1036644352,734756864,3458),(205,6,'2016-04-11 20:04:18',1036644352,734756864,3459),(206,6,'2016-04-11 20:04:24',1036644352,734756864,3460),(207,6,'2016-04-11 20:04:30',1036644352,734621696,3461),(208,6,'2016-04-11 19:54:35',1036644352,735506432,3362),(209,6,'2016-04-11 19:54:41',1036644352,735506432,3363),(210,6,'2016-04-11 19:54:47',1036644352,735510528,3364),(211,6,'2016-04-11 19:54:53',1036644352,735510528,3365),(212,6,'2016-04-11 19:54:59',1036644352,735510528,3366),(213,6,'2016-04-11 19:55:05',1036644352,735547392,3367),(214,6,'2016-04-11 19:55:11',1036644352,735547392,3368),(215,6,'2016-04-11 19:55:17',1036644352,735563776,3369),(216,6,'2016-04-11 19:55:23',1036644352,735563776,3370),(217,6,'2016-04-11 19:55:29',1036644352,735563776,3371),(218,6,'2016-04-11 19:55:35',1036644352,735563776,3372),(219,6,'2016-04-11 19:55:41',1036644352,735563776,3373),(220,6,'2016-04-11 19:55:47',1036644352,735580160,3374),(221,6,'2016-04-11 19:55:53',1036644352,735580160,3375),(222,6,'2016-04-11 19:55:59',1036644352,735580160,3376),(223,6,'2016-04-11 19:56:05',1036644352,735580160,3377),(224,6,'2016-04-11 19:56:11',1036644352,735580160,3378),(225,6,'2016-04-11 19:56:17',1036644352,735584256,3379),(226,6,'2016-04-11 19:56:23',1036644352,735457280,3380),(227,6,'2016-04-11 19:56:29',1036644352,735457280,3381),(228,6,'2016-04-11 19:56:35',1036644352,735457280,3382),(229,6,'2016-04-11 19:56:41',1036644352,735457280,3383),(230,6,'2016-04-11 19:56:47',1036644352,735457280,3384),(231,6,'2016-04-11 19:56:53',1036644352,735330304,3385),(232,6,'2016-04-11 19:56:59',1036644352,735330304,3386),(233,6,'2016-04-11 19:57:05',1036644352,735330304,3387),(234,6,'2016-04-11 19:57:11',1036644352,735338496,3388),(235,6,'2016-04-11 19:57:17',1036644352,735338496,3389),(236,6,'2016-04-11 19:57:23',1036644352,735342592,3390),(237,6,'2016-04-11 19:57:29',1036644352,735342592,3391),(238,6,'2016-04-11 19:57:35',1036644352,735342592,3392),(239,6,'2016-04-11 19:57:41',1036644352,735346688,3393),(240,6,'2016-04-11 19:57:47',1036644352,735346688,3394),(241,6,'2016-04-11 19:57:53',1036644352,735350784,3395),(242,6,'2016-04-11 19:57:59',1036644352,735350784,3396),(243,6,'2016-04-11 19:58:05',1036644352,735350784,3397),(244,6,'2016-04-11 19:58:11',1036644352,735223808,3398),(245,6,'2016-04-11 19:58:17',1036644352,735223808,3399),(246,7,'2016-04-01 05:53:39',373960704,96022528,300),(247,7,'2016-04-01 05:53:41',373960704,96030720,301),(248,7,'2016-04-01 05:53:43',373960704,96038912,302),(249,7,'2016-04-01 05:53:45',373960704,96038912,303),(250,7,'2016-04-01 05:53:47',373960704,96038912,304),(251,7,'2016-04-01 05:53:49',373960704,96038912,305),(252,7,'2016-04-01 05:53:51',373960704,96038912,306),(253,7,'2016-04-01 05:53:53',373960704,96038912,307),(254,7,'2016-04-01 05:53:55',373960704,96038912,308),(255,7,'2016-04-01 05:53:57',373960704,96038912,309),(256,7,'2016-04-01 05:53:59',373960704,96038912,310),(257,7,'2016-04-01 05:54:01',373960704,96038912,311),(258,7,'2016-04-01 05:54:03',373960704,96038912,312),(259,7,'2016-04-01 05:54:05',373960704,96038912,313),(260,7,'2016-04-01 05:54:07',373960704,96047104,314),(261,7,'2016-04-01 05:54:09',373960704,96047104,315),(262,7,'2016-04-01 05:54:11',373960704,96055296,316),(263,7,'2016-04-01 05:54:13',373960704,96063488,317),(264,7,'2016-04-01 05:54:15',373960704,96063488,318),(265,7,'2016-04-01 05:54:17',373960704,96063488,319),(266,7,'2016-04-01 05:54:19',373960704,96063488,320),(267,7,'2016-04-01 05:54:21',373960704,96063488,321),(268,7,'2016-04-01 05:54:23',373960704,96063488,322),(269,7,'2016-04-01 05:54:25',373960704,96063488,323),(270,7,'2016-04-01 05:54:27',373960704,96063488,324),(271,7,'2016-04-01 05:54:29',373960704,96063488,325),(272,7,'2016-04-01 05:54:31',373960704,96063488,326),(273,7,'2016-04-01 05:54:33',373960704,96063488,327),(274,7,'2016-04-01 05:54:35',373960704,96063488,328),(275,7,'2016-04-01 05:54:37',373960704,96063488,329),(276,7,'2016-04-01 05:54:39',373960704,96063488,330),(277,7,'2016-04-01 05:54:41',373960704,96079872,331),(278,7,'2016-04-01 05:54:43',373960704,96079872,332),(279,7,'2016-04-01 05:54:45',373960704,96079872,333),(280,7,'2016-04-01 05:54:47',373960704,96079872,334),(281,7,'2016-04-01 05:54:49',373960704,96079872,335),(282,7,'2016-04-01 05:54:51',373960704,96079872,336),(283,7,'2016-04-01 05:54:53',373960704,96079872,337),(284,7,'2016-04-01 05:54:55',373960704,96079872,338),(285,7,'2016-04-01 05:54:57',373960704,96079872,339),(286,7,'2016-04-01 05:54:59',373960704,96079872,340),(287,7,'2016-04-01 05:55:01',373960704,96079872,341),(288,7,'2016-04-01 05:55:03',373960704,96079872,342),(289,7,'2016-04-01 05:55:05',373960704,96083968,343),(290,7,'2016-04-01 05:55:07',373960704,96088064,344),(291,7,'2016-04-01 05:55:09',373960704,96088064,345),(292,7,'2016-04-01 05:55:11',373960704,96104448,346),(293,7,'2016-04-01 05:55:13',373960704,96104448,347),(294,7,'2016-04-01 05:55:15',373960704,96104448,348),(295,7,'2016-04-01 05:55:17',373960704,96104448,349),(296,7,'2016-04-01 05:55:19',373960704,96104448,350),(297,7,'2016-04-01 05:55:21',373960704,96104448,351),(298,7,'2016-04-01 05:55:23',373960704,96104448,352),(299,7,'2016-04-01 05:55:25',373960704,96104448,353),(300,7,'2016-04-01 05:55:27',373960704,96104448,354),(301,7,'2016-04-01 05:55:29',373960704,96104448,355),(302,7,'2016-04-01 05:55:31',373960704,96104448,356),(303,7,'2016-04-01 05:55:33',373960704,96104448,357),(304,7,'2016-04-01 05:55:35',373960704,96104448,358),(305,7,'2016-04-01 05:55:37',373960704,96104448,359),(306,7,'2016-04-01 05:55:39',373960704,96104448,360),(307,7,'2016-04-01 05:55:41',373960704,96120832,361),(308,7,'2016-04-01 05:55:43',373960704,96120832,362),(309,7,'2016-04-01 05:55:45',373960704,96120832,363),(310,7,'2016-04-01 05:55:47',373960704,96120832,364),(311,7,'2016-04-01 05:55:49',373960704,96120832,365),(312,7,'2016-04-01 05:55:51',373960704,96120832,366),(313,7,'2016-04-01 05:55:53',373960704,96120832,367),(314,7,'2016-04-01 05:55:55',373960704,96120832,368),(315,7,'2016-04-01 05:55:57',373960704,96120832,369),(316,7,'2016-04-01 05:55:59',373960704,96120832,370),(317,7,'2016-04-01 05:56:01',373960704,96120832,371),(318,7,'2016-04-01 05:56:03',373960704,96120832,372),(319,7,'2016-04-01 05:56:05',373960704,96124928,373),(320,7,'2016-04-01 05:56:07',373960704,96129024,374),(321,7,'2016-04-01 05:56:09',373960704,96129024,375),(322,7,'2016-04-01 05:56:11',373960704,96145408,376),(323,7,'2016-04-01 05:56:13',373960704,96145408,377),(324,7,'2016-04-01 05:56:15',373960704,96145408,378),(325,7,'2016-04-01 05:56:17',373960704,96145408,379),(326,7,'2016-04-01 05:56:19',373960704,96145408,380),(327,7,'2016-04-01 05:56:21',373960704,96145408,381),(328,7,'2016-04-01 05:56:23',373960704,96145408,382),(329,7,'2016-04-01 05:56:25',373960704,96145408,383),(330,7,'2016-04-01 05:56:27',373960704,96145408,384),(331,7,'2016-04-01 05:56:29',373960704,96145408,385),(332,7,'2016-04-01 05:56:31',373960704,96145408,386),(333,7,'2016-04-01 05:56:33',373960704,96145408,387),(334,7,'2016-04-01 05:56:35',373960704,96145408,388),(335,7,'2016-04-01 05:56:37',373960704,96145408,389),(336,7,'2016-04-01 05:56:39',373960704,96145408,390),(337,7,'2016-04-01 05:56:41',373960704,96161792,391),(338,7,'2016-04-01 05:56:43',373960704,96161792,392),(339,7,'2016-04-01 05:56:45',373960704,96161792,393),(340,7,'2016-04-01 05:56:47',373960704,96161792,394),(341,7,'2016-04-01 05:56:49',373960704,95891456,395),(342,7,'2016-04-01 05:56:51',373960704,95891456,396),(343,7,'2016-04-01 05:56:53',373960704,95891456,397),(344,7,'2016-04-01 05:53:35',373960704,96022528,298),(345,7,'2016-04-01 05:53:37',373960704,96022528,299);
/*!40000 ALTER TABLE `stat_mem` ENABLE KEYS */;
UNLOCK TABLES;

--
-- Table structure for table `stat_net`
--

DROP TABLE IF EXISTS `stat_net`;
/*!40101 SET @saved_cs_client     = @@character_set_client */;
/*!40101 SET character_set_client = utf8 */;
CREATE TABLE `stat_net` (
  `id` bigint(20) NOT NULL AUTO_INCREMENT,
  `host_id` bigint(20) NOT NULL,
  `timestamp` datetime DEFAULT NULL,
  `bytes_sent_per_sec` bigint(20) DEFAULT NULL,
  `bytes_recv_per_sec` bigint(20) DEFAULT NULL,
  `packet_send_per_sec` bigint(20) DEFAULT NULL,
  `packet_recv_per_sec` bigint(20) DEFAULT NULL,
  `seq` bigint(20) DEFAULT NULL,
  PRIMARY KEY (`id`),
  KEY `stat_net_check` (`host_id`),
  CONSTRAINT `stat_net_check` FOREIGN KEY (`host_id`) REFERENCES `host` (`id`) ON DELETE CASCADE ON UPDATE CASCADE
) ENGINE=InnoDB AUTO_INCREMENT=315 DEFAULT CHARSET=latin1;
/*!40101 SET character_set_client = @saved_cs_client */;

--
-- Dumping data for table `stat_net`
--

LOCK TABLES `stat_net` WRITE;
/*!40000 ALTER TABLE `stat_net` DISABLE KEYS */;
INSERT INTO `stat_net` VALUES (115,6,'2016-04-11 19:59:29',9735,9678,66,74,31800),(116,6,'2016-04-11 19:59:35',6461,7756,63,80,31801),(117,6,'2016-04-11 19:59:41',10194,11366,94,112,31802),(118,6,'2016-04-11 19:59:47',15276,13402,128,140,31803),(119,6,'2016-04-11 19:59:53',14953,12871,124,135,31804),(120,6,'2016-04-11 19:59:59',16058,13964,132,144,31805),(121,6,'2016-04-11 20:00:05',13274,14119,96,114,31806),(122,6,'2016-04-11 20:00:11',15480,14989,132,148,31807),(123,6,'2016-04-11 20:00:17',11293,11815,98,115,31808),(124,6,'2016-04-11 20:00:23',7300,7839,70,84,31809),(125,6,'2016-04-11 20:00:29',14347,12743,118,132,31810),(126,6,'2016-04-11 20:00:35',15572,14386,130,140,31811),(127,6,'2016-04-11 20:00:41',18882,15735,156,164,31812),(128,6,'2016-04-11 20:00:47',6275,6521,62,73,31813),(129,6,'2016-04-11 20:00:53',6748,7041,67,80,31814),(130,6,'2016-04-11 20:00:59',7759,8185,71,83,31815),(131,6,'2016-04-11 20:01:05',11367,12712,98,115,31816),(132,6,'2016-04-11 20:01:11',37474,35704,171,189,31817),(133,6,'2016-04-11 20:01:17',20266,18456,162,180,31818),(134,6,'2016-04-11 20:01:23',15072,13902,126,144,31819),(135,6,'2016-04-11 20:01:29',12543,13027,68,79,31820),(136,6,'2016-04-11 20:01:35',6066,6822,60,72,31821),(137,6,'2016-04-11 20:01:41',10340,9470,94,104,31822),(138,6,'2016-04-11 20:01:47',5989,6307,60,70,31823),(139,6,'2016-04-11 20:01:53',6312,6594,63,74,31824),(140,6,'2016-04-11 20:02:00',16672,16977,136,162,31825),(141,6,'2016-04-11 20:02:06',20364,21083,163,187,31826),(142,6,'2016-04-11 20:02:12',17742,16687,146,163,31827),(143,6,'2016-04-11 20:02:18',11136,11622,96,112,31828),(144,6,'2016-04-11 20:02:24',6275,6889,62,77,31829),(145,6,'2016-04-11 20:02:30',6275,7217,62,71,31830),(146,6,'2016-04-11 20:02:36',6517,8558,64,82,31831),(147,6,'2016-04-11 20:02:42',19021,16229,156,170,31832),(148,6,'2016-04-11 20:02:48',14953,13009,124,136,31833),(149,6,'2016-04-11 20:02:54',12894,11531,112,122,31834),(150,6,'2016-04-11 20:03:00',10260,11266,90,109,31835),(151,6,'2016-04-11 20:03:06',11653,12252,100,117,31836),(152,6,'2016-04-11 20:03:12',15004,14687,127,144,31837),(153,6,'2016-04-11 20:03:18',11194,11793,97,115,31838),(154,6,'2016-04-11 20:03:24',15013,13259,125,139,31839),(155,6,'2016-04-11 20:03:30',15014,14088,125,137,31840),(156,6,'2016-04-11 20:03:36',15207,12943,126,136,31841),(157,6,'2016-04-11 20:03:42',10389,9621,95,105,31842),(158,6,'2016-04-11 20:03:48',6776,6922,67,76,31843),(159,6,'2016-04-11 20:03:54',6322,6536,63,73,31844),(160,6,'2016-04-11 20:04:00',9781,11378,85,104,31845),(161,6,'2016-04-11 20:04:06',17064,16203,139,158,31846),(162,6,'2016-04-11 20:04:12',66178,35765,218,226,31847),(163,6,'2016-04-11 20:04:18',19706,18197,158,177,31848),(164,6,'2016-04-11 20:04:24',6846,8052,67,87,31849),(165,6,'2016-04-11 20:04:30',6552,8748,65,85,31850),(166,6,'2016-04-11 19:54:35',6684,7137,66,79,31751),(167,6,'2016-04-11 19:54:41',12482,10933,98,112,31752),(168,6,'2016-04-11 19:54:47',14582,13457,122,134,31753),(169,6,'2016-04-11 19:54:53',15278,13451,126,140,31754),(170,6,'2016-04-11 19:54:59',9538,8807,85,96,31755),(171,6,'2016-04-11 19:55:05',10603,11513,92,110,31756),(172,6,'2016-04-11 19:55:11',15064,14666,128,144,31757),(173,6,'2016-04-11 19:55:17',10721,12264,93,111,31758),(174,6,'2016-04-11 19:55:23',10433,11075,91,109,31759),(175,6,'2016-04-11 19:55:29',16019,14657,133,151,31760),(176,6,'2016-04-11 19:55:35',15095,12997,125,135,31761),(177,6,'2016-04-11 19:55:41',14941,13385,128,141,31762),(178,6,'2016-04-11 19:55:47',6776,7613,67,77,31763),(179,6,'2016-04-11 19:55:53',6275,6958,62,75,31764),(180,6,'2016-04-11 19:55:59',6518,6742,64,76,31765),(181,6,'2016-04-11 19:56:05',11464,12264,98,119,31766),(182,6,'2016-04-11 19:56:11',24019,22367,192,213,31767),(183,6,'2016-04-11 19:56:17',19929,19913,159,182,31768),(184,6,'2016-04-11 19:56:23',19009,18261,153,176,31769),(185,6,'2016-04-11 19:56:29',6922,7023,67,78,31770),(186,6,'2016-04-11 19:56:35',6504,6627,64,75,31771),(187,6,'2016-04-11 19:56:41',28737,29400,100,114,31772),(188,6,'2016-04-11 19:56:47',6251,8295,63,76,31773),(189,6,'2016-04-11 19:56:53',13100,12107,112,124,31774),(190,6,'2016-04-11 19:56:59',15148,14656,125,154,31775),(191,6,'2016-04-11 19:57:05',19663,18140,156,172,31776),(192,6,'2016-04-11 19:57:11',14684,16315,124,150,31777),(193,6,'2016-04-11 19:57:17',11157,12093,97,116,31778),(194,6,'2016-04-11 19:57:23',9443,10411,85,104,31779),(195,6,'2016-04-11 19:57:29',6518,9575,64,88,31780),(196,6,'2016-04-11 19:57:35',10527,9830,94,106,31781),(197,6,'2016-04-11 19:57:41',19630,17997,162,179,31782),(198,6,'2016-04-11 19:57:47',21749,16133,127,141,31783),(199,6,'2016-04-11 19:57:53',5978,6088,59,68,31784),(200,6,'2016-04-11 19:57:59',6412,6584,63,74,31785),(201,6,'2016-04-11 19:58:05',12622,13306,109,130,31786),(202,6,'2016-04-11 19:58:11',19730,20315,132,151,31787),(203,6,'2016-04-11 19:58:17',11173,11733,97,114,31788),(204,6,'2016-04-11 19:58:23',21371,19715,149,167,31789),(205,6,'2016-04-11 19:58:29',15286,13044,127,137,31790),(206,6,'2016-04-11 19:58:35',9684,9358,86,98,31791),(207,6,'2016-04-11 19:58:41',10138,10260,93,107,31792),(208,6,'2016-04-11 19:58:47',6727,6724,66,74,31793),(209,6,'2016-04-11 19:58:53',8986,9830,67,85,31794),(210,6,'2016-04-11 19:58:59',7613,7944,72,85,31795),(211,6,'2016-04-11 19:59:05',19960,19410,159,178,31796),(212,6,'2016-04-11 19:59:11',24081,23143,193,212,31797),(213,6,'2016-04-11 19:59:17',15760,15055,129,144,31798),(214,6,'2016-04-11 19:59:23',9385,9749,84,100,31799),(215,7,'2016-04-01 05:53:39',2583,2047,19,21,300),(216,7,'2016-04-01 05:53:41',2430,2544,18,21,301),(217,7,'2016-04-01 05:53:43',7263,5199,49,49,302),(218,7,'2016-04-01 05:53:45',2983,2654,27,31,303),(219,7,'2016-04-01 05:53:47',2373,3012,18,23,304),(220,7,'2016-04-01 05:53:49',7292,3581,46,43,305),(221,7,'2016-04-01 05:53:51',2373,1538,18,19,306),(222,7,'2016-04-01 05:53:53',7034,3392,44,40,307),(223,7,'2016-04-01 05:53:55',2775,1872,23,25,308),(224,7,'2016-04-01 05:53:57',2581,1806,22,24,309),(225,7,'2016-04-01 05:53:59',7228,3638,45,44,310),(226,7,'2016-04-01 05:54:01',2373,1628,18,20,311),(227,7,'2016-04-01 05:54:03',2638,1899,22,25,312),(228,7,'2016-04-01 05:54:05',7644,3844,53,48,313),(229,7,'2016-04-01 05:54:07',5001,2650,35,31,314),(230,7,'2016-04-01 05:54:09',3378,4258,23,37,315),(231,7,'2016-04-01 05:54:11',6238,5109,40,56,316),(232,7,'2016-04-01 05:54:13',2373,3515,18,32,317),(233,7,'2016-04-01 05:54:15',7436,6155,49,50,318),(234,7,'2016-04-01 05:54:17',2581,2337,22,27,319),(235,7,'2016-04-01 05:54:19',2510,1838,18,21,320),(236,7,'2016-04-01 05:54:21',7091,3633,45,42,321),(237,7,'2016-04-01 05:54:23',2581,1804,22,22,322),(238,7,'2016-04-01 05:54:25',2983,2378,27,32,323),(239,7,'2016-04-01 05:54:27',7049,3392,44,40,324),(240,7,'2016-04-01 05:54:29',2373,1688,18,21,325),(241,7,'2016-04-01 05:54:31',6420,3272,41,38,326),(242,7,'2016-04-01 05:54:33',3181,2367,22,28,327),(243,7,'2016-04-01 05:54:35',2775,2012,23,26,328),(244,7,'2016-04-01 05:54:37',12821,8017,89,81,329),(245,7,'2016-04-01 05:54:39',2410,2333,18,19,330),(246,7,'2016-04-01 05:54:41',2567,2784,19,22,331),(247,7,'2016-04-01 05:54:43',7291,4205,49,47,332),(248,7,'2016-04-01 05:54:45',2983,4035,27,36,333),(249,7,'2016-04-01 05:54:47',2373,1974,18,22,334),(250,7,'2016-04-01 05:54:49',7049,3556,44,41,335),(251,7,'2016-04-01 05:54:51',2567,1964,19,24,336),(252,7,'2016-04-01 05:54:53',7083,3753,45,44,337),(253,7,'2016-04-01 05:54:55',2734,1987,22,25,338),(254,7,'2016-04-01 05:54:57',2581,1868,22,24,339),(255,7,'2016-04-01 05:54:59',7034,3440,44,40,340),(256,7,'2016-04-01 05:55:01',2567,1864,19,22,341),(257,7,'2016-04-01 05:55:03',2602,1868,22,24,342),(258,7,'2016-04-01 05:55:05',7765,3997,54,50,343),(259,7,'2016-04-01 05:55:07',4980,4560,35,40,344),(260,7,'2016-04-01 05:55:09',4007,2738,27,31,345),(261,7,'2016-04-01 05:55:11',5667,4033,37,38,346),(262,7,'2016-04-01 05:55:13',2430,3525,18,25,347),(263,7,'2016-04-01 05:55:15',7436,3981,49,46,348),(264,7,'2016-04-01 05:55:17',2638,1897,22,24,349),(265,7,'2016-04-01 05:55:19',2373,1806,18,22,350),(266,7,'2016-04-01 05:55:21',7228,3636,45,42,351),(267,7,'2016-04-01 05:55:23',2581,2164,22,28,352),(268,7,'2016-04-01 05:55:25',3040,2143,27,30,353),(269,7,'2016-04-01 05:55:27',7034,3452,44,41,354),(270,7,'2016-04-01 05:55:29',2394,1718,18,22,355),(271,7,'2016-04-01 05:55:31',6420,3302,41,39,356),(272,7,'2016-04-01 05:55:33',3181,2183,22,26,357),(273,7,'2016-04-01 05:55:35',2775,2531,23,30,358),(274,7,'2016-04-01 05:55:37',9906,5826,66,61,359),(275,7,'2016-04-01 05:55:39',5353,5728,42,45,360),(276,7,'2016-04-01 05:55:41',2567,2010,19,20,361),(277,7,'2016-04-01 05:55:43',7208,4965,48,46,362),(278,7,'2016-04-01 05:55:45',2983,2050,27,28,363),(279,7,'2016-04-01 05:55:47',2430,1840,18,22,364),(280,7,'2016-04-01 05:55:49',7034,3768,44,42,365),(281,7,'2016-04-01 05:55:51',2567,1752,19,21,366),(282,7,'2016-04-01 05:55:53',7055,3420,45,39,367),(283,7,'2016-04-01 05:55:55',2832,2113,23,27,368),(284,7,'2016-04-01 05:55:57',2373,1683,18,19,369),(285,7,'2016-04-01 05:55:59',7299,3573,49,43,370),(286,7,'2016-04-01 05:56:01',2567,1635,19,19,371),(287,7,'2016-04-01 05:56:03',2638,1809,22,24,372),(288,7,'2016-04-01 05:56:05',7659,5084,53,51,373),(289,7,'2016-04-01 05:56:07',4972,3125,35,34,374),(290,7,'2016-04-01 05:56:09',4064,3241,27,30,375),(291,7,'2016-04-01 05:56:11',5667,4888,37,40,376),(292,7,'2016-04-01 05:56:13',2373,1658,18,21,377),(293,7,'2016-04-01 05:56:15',7436,3937,49,48,378),(294,7,'2016-04-01 05:56:17',2373,1568,18,19,379),(295,7,'2016-04-01 05:56:19',2638,1869,22,25,380),(296,7,'2016-04-01 05:56:21',7243,3720,45,41,381),(297,7,'2016-04-01 05:56:23',2602,2484,22,29,382),(298,7,'2016-04-01 05:56:25',2926,2065,26,28,383),(299,7,'2016-04-01 05:56:27',7098,3699,45,43,384),(300,7,'2016-04-01 05:56:29',2373,1720,18,21,385),(301,7,'2016-04-01 05:56:31',7285,3919,46,46,386),(302,7,'2016-04-01 05:56:33',2430,2278,18,25,387),(303,7,'2016-04-01 05:56:35',2824,3002,23,30,388),(304,7,'2016-04-01 05:56:37',9633,6020,61,57,389),(305,7,'2016-04-01 05:56:39',5535,6580,45,54,390),(306,7,'2016-04-01 05:56:41',2568,3198,19,26,391),(307,7,'2016-04-01 05:56:43',7346,3852,50,47,392),(308,7,'2016-04-01 05:56:45',2822,2061,24,27,393),(309,7,'2016-04-01 05:56:47',3490,2416,25,28,394),(310,7,'2016-04-01 05:56:49',7517,4356,47,49,395),(311,7,'2016-04-01 05:56:51',2681,1978,20,23,396),(312,7,'2016-04-01 05:56:53',7319,3888,47,45,397),(313,7,'2016-04-01 05:53:35',2926,2759,26,34,298),(314,7,'2016-04-01 05:53:37',12675,7438,85,75,299);
/*!40000 ALTER TABLE `stat_net` ENABLE KEYS */;
UNLOCK TABLES;

--
-- Table structure for table `stat_service`
--

DROP TABLE IF EXISTS `stat_service`;
/*!40101 SET @saved_cs_client     = @@character_set_client */;
/*!40101 SET character_set_client = utf8 */;
CREATE TABLE `stat_service` (
  `id` bigint(20) NOT NULL AUTO_INCREMENT,
  `host_id` bigint(20) NOT NULL,
  `timestamp` datetime DEFAULT NULL,
  `name` varchar(255) DEFAULT NULL,
  `cmdline` varchar(1024) DEFAULT NULL,
  `active_status` varchar(64) DEFAULT NULL,
  `open_files` int(11) DEFAULT NULL,
  `net_connections` int(11) DEFAULT NULL,
  `thread_num` int(11) DEFAULT NULL,
  `cpu_utilization` float DEFAULT NULL,
  `mem_utilization` float DEFAULT NULL,
  `available` varchar(64) DEFAULT NULL,
  `seq` bigint(20) DEFAULT NULL,
  PRIMARY KEY (`id`),
  KEY `stat_service_check` (`host_id`),
  CONSTRAINT `stat_service_check` FOREIGN KEY (`host_id`) REFERENCES `host` (`id`) ON DELETE CASCADE ON UPDATE CASCADE
) ENGINE=InnoDB AUTO_INCREMENT=336 DEFAULT CHARSET=latin1;
/*!40101 SET character_set_client = @saved_cs_client */;

--
-- Dumping data for table `stat_service`
--

LOCK TABLES `stat_service` WRITE;
/*!40000 ALTER TABLE `stat_service` DISABLE KEYS */;
INSERT INTO `stat_service` VALUES (136,6,'2016-04-11 20:01:11','cloud-web','/usr/bin/python /usr/bin/cloud-web-server /etc/cloud/web.conf','1/1',3,1,1,0,1.86813,'enable',800),(137,6,'2016-04-11 20:01:17','account','','0/0',0,0,0,0,0,'disable',801),(138,6,'2016-04-11 20:01:17','cloud-web','/usr/bin/python /usr/bin/cloud-web-server /etc/cloud/web.conf','1/1',3,1,1,0,1.86813,'enable',802),(139,6,'2016-04-11 20:01:22','account','','0/0',0,0,0,0,0,'disable',803),(140,6,'2016-04-11 20:01:22','cloud-web','/usr/bin/python /usr/bin/cloud-web-server /etc/cloud/web.conf','1/1',3,1,1,0,1.86813,'enable',804),(141,6,'2016-04-11 20:01:27','account','','0/0',0,0,0,0,0,'disable',805),(142,6,'2016-04-11 20:01:27','cloud-web','/usr/bin/python /usr/bin/cloud-web-server /etc/cloud/web.conf','1/1',3,1,1,0,1.86813,'enable',806),(143,6,'2016-04-11 20:01:32','account','','0/0',0,0,0,0,0,'disable',807),(144,6,'2016-04-11 20:01:32','cloud-web','/usr/bin/python /usr/bin/cloud-web-server /etc/cloud/web.conf','1/1',3,1,1,0,1.86813,'enable',808),(145,6,'2016-04-11 20:01:38','account','','0/0',0,0,0,0,0,'disable',809),(146,6,'2016-04-11 20:01:38','cloud-web','/usr/bin/python /usr/bin/cloud-web-server /etc/cloud/web.conf','1/1',3,1,1,0,1.86813,'enable',810),(147,6,'2016-04-11 20:01:43','account','','0/0',0,0,0,0,0,'disable',811),(148,6,'2016-04-11 20:01:43','cloud-web','/usr/bin/python /usr/bin/cloud-web-server /etc/cloud/web.conf','1/1',3,1,1,0,1.86813,'enable',812),(149,6,'2016-04-11 20:01:48','account','','0/0',0,0,0,0,0,'disable',813),(150,6,'2016-04-11 20:01:48','cloud-web','/usr/bin/python /usr/bin/cloud-web-server /etc/cloud/web.conf','1/1',3,1,1,0,1.86813,'enable',814),(151,6,'2016-04-11 20:01:54','account','','0/0',0,0,0,0,0,'disable',815),(152,6,'2016-04-11 20:01:54','cloud-web','/usr/bin/python /usr/bin/cloud-web-server /etc/cloud/web.conf','1/1',3,1,1,0,1.86813,'enable',816),(153,6,'2016-04-11 20:01:59','account','','0/0',0,0,0,0,0,'disable',817),(154,6,'2016-04-11 20:01:59','cloud-web','/usr/bin/python /usr/bin/cloud-web-server /etc/cloud/web.conf','1/1',3,1,1,0,1.86813,'enable',818),(155,6,'2016-04-11 20:02:04','account','','0/0',0,0,0,0,0,'disable',819),(156,6,'2016-04-11 20:02:04','cloud-web','/usr/bin/python /usr/bin/cloud-web-server /etc/cloud/web.conf','1/1',3,1,1,0,1.86813,'enable',820),(157,6,'2016-04-11 20:02:09','account','','0/0',0,0,0,0,0,'disable',821),(158,6,'2016-04-11 20:02:09','cloud-web','/usr/bin/python /usr/bin/cloud-web-server /etc/cloud/web.conf','1/1',3,1,1,0,1.86813,'enable',822),(159,6,'2016-04-11 20:02:15','account','','0/0',0,0,0,0,0,'disable',823),(160,6,'2016-04-11 20:02:15','cloud-web','/usr/bin/python /usr/bin/cloud-web-server /etc/cloud/web.conf','1/1',3,1,1,0,1.86813,'enable',824),(161,6,'2016-04-11 20:02:20','account','','0/0',0,0,0,0,0,'disable',825),(162,6,'2016-04-11 20:02:20','cloud-web','/usr/bin/python /usr/bin/cloud-web-server /etc/cloud/web.conf','1/1',3,1,1,0,1.86813,'enable',826),(163,6,'2016-04-11 20:02:25','account','','0/0',0,0,0,0,0,'disable',827),(164,6,'2016-04-11 20:02:25','cloud-web','/usr/bin/python /usr/bin/cloud-web-server /etc/cloud/web.conf','1/1',3,1,1,0,1.86813,'enable',828),(165,6,'2016-04-11 20:02:30','account','','0/0',0,0,0,0,0,'disable',829),(166,6,'2016-04-11 20:02:30','cloud-web','/usr/bin/python /usr/bin/cloud-web-server /etc/cloud/web.conf','1/1',3,1,1,0,1.86813,'enable',830),(167,6,'2016-04-11 20:02:36','account','','0/0',0,0,0,0,0,'disable',831),(168,6,'2016-04-11 20:02:36','cloud-web','/usr/bin/python /usr/bin/cloud-web-server /etc/cloud/web.conf','1/1',3,1,1,0,1.86813,'enable',832),(169,6,'2016-04-11 20:02:41','account','','0/0',0,0,0,0,0,'disable',833),(170,6,'2016-04-11 20:02:41','cloud-web','/usr/bin/python /usr/bin/cloud-web-server /etc/cloud/web.conf','1/1',3,1,1,0,1.86813,'enable',834),(171,6,'2016-04-11 20:02:46','account','','0/0',0,0,0,0,0,'disable',835),(172,6,'2016-04-11 20:02:46','cloud-web','/usr/bin/python /usr/bin/cloud-web-server /etc/cloud/web.conf','1/1',3,1,1,0,1.86813,'enable',836),(173,6,'2016-04-11 20:02:52','account','','0/0',0,0,0,0,0,'disable',837),(174,6,'2016-04-11 20:02:52','cloud-web','/usr/bin/python /usr/bin/cloud-web-server /etc/cloud/web.conf','1/1',3,1,1,0,1.86813,'enable',838),(175,6,'2016-04-11 20:02:57','account','','0/0',0,0,0,0,0,'disable',839),(176,6,'2016-04-11 20:02:57','cloud-web','/usr/bin/python /usr/bin/cloud-web-server /etc/cloud/web.conf','1/1',3,1,1,0,1.86813,'enable',840),(177,6,'2016-04-11 20:03:02','account','','0/0',0,0,0,0,0,'disable',841),(178,6,'2016-04-11 20:03:02','cloud-web','/usr/bin/python /usr/bin/cloud-web-server /etc/cloud/web.conf','1/1',3,1,1,0,1.86813,'enable',842),(179,6,'2016-04-11 20:03:07','account','','0/0',0,0,0,0,0,'disable',843),(180,6,'2016-04-11 20:03:07','cloud-web','/usr/bin/python /usr/bin/cloud-web-server /etc/cloud/web.conf','1/1',3,1,1,0,1.86813,'enable',844),(181,6,'2016-04-11 20:03:13','account','','0/0',0,0,0,0,0,'disable',845),(182,6,'2016-04-11 20:03:13','cloud-web','/usr/bin/python /usr/bin/cloud-web-server /etc/cloud/web.conf','1/1',3,1,1,0,1.86813,'enable',846),(183,6,'2016-04-11 20:03:18','account','','0/0',0,0,0,0,0,'disable',847),(184,6,'2016-04-11 20:03:18','cloud-web','/usr/bin/python /usr/bin/cloud-web-server /etc/cloud/web.conf','1/1',3,1,1,0,1.86813,'enable',848),(185,6,'2016-04-11 20:03:23','account','','0/0',0,0,0,0,0,'disable',849),(186,6,'2016-04-11 20:03:23','cloud-web','/usr/bin/python /usr/bin/cloud-web-server /etc/cloud/web.conf','1/1',3,1,1,0,1.86813,'enable',850),(187,6,'2016-04-11 20:03:29','account','','0/0',0,0,0,0,0,'disable',851),(188,6,'2016-04-11 20:03:29','cloud-web','/usr/bin/python /usr/bin/cloud-web-server /etc/cloud/web.conf','1/1',3,1,1,0,1.86813,'enable',852),(189,6,'2016-04-11 20:03:34','account','','0/0',0,0,0,0,0,'disable',853),(190,6,'2016-04-11 20:03:34','cloud-web','/usr/bin/python /usr/bin/cloud-web-server /etc/cloud/web.conf','1/1',3,1,1,0,1.86813,'enable',854),(191,6,'2016-04-11 20:03:39','account','','0/0',0,0,0,0,0,'disable',855),(192,6,'2016-04-11 20:03:39','cloud-web','/usr/bin/python /usr/bin/cloud-web-server /etc/cloud/web.conf','1/1',3,1,1,0,1.86813,'enable',856),(193,6,'2016-04-11 20:03:44','account','','0/0',0,0,0,0,0,'disable',857),(194,6,'2016-04-11 20:03:44','cloud-web','/usr/bin/python /usr/bin/cloud-web-server /etc/cloud/web.conf','1/1',3,1,1,0,1.86813,'enable',858),(195,6,'2016-04-11 20:03:50','account','','0/0',0,0,0,0,0,'disable',859),(196,6,'2016-04-11 20:03:50','cloud-web','/usr/bin/python /usr/bin/cloud-web-server /etc/cloud/web.conf','1/1',3,1,1,0,1.86813,'enable',860),(197,6,'2016-04-11 20:03:55','account','','0/0',0,0,0,0,0,'disable',861),(198,6,'2016-04-11 20:03:55','cloud-web','/usr/bin/python /usr/bin/cloud-web-server /etc/cloud/web.conf','1/1',3,1,1,0,1.86813,'enable',862),(199,6,'2016-04-11 20:04:00','account','','0/0',0,0,0,0,0,'disable',863),(200,6,'2016-04-11 20:04:00','cloud-web','/usr/bin/python /usr/bin/cloud-web-server /etc/cloud/web.conf','1/1',3,1,1,0,1.86813,'enable',864),(201,6,'2016-04-11 20:04:05','account','','0/0',0,0,0,0,0,'disable',865),(202,6,'2016-04-11 20:04:05','cloud-web','/usr/bin/python /usr/bin/cloud-web-server /etc/cloud/web.conf','1/1',3,1,1,0,1.86813,'enable',866),(203,6,'2016-04-11 20:04:11','account','','0/0',0,0,0,0,0,'disable',867),(204,6,'2016-04-11 20:04:11','cloud-web','/usr/bin/python /usr/bin/cloud-web-server /etc/cloud/web.conf','1/1',3,1,1,0,1.86813,'enable',868),(205,6,'2016-04-11 20:04:16','account','','0/0',0,0,0,0,0,'disable',869),(206,6,'2016-04-11 20:04:16','cloud-web','/usr/bin/python /usr/bin/cloud-web-server /etc/cloud/web.conf','1/1',3,1,1,0,1.86813,'enable',870),(207,6,'2016-04-11 20:04:21','account','','0/0',0,0,0,0,0,'disable',871),(208,6,'2016-04-11 20:04:21','cloud-web','/usr/bin/python /usr/bin/cloud-web-server /etc/cloud/web.conf','1/1',3,1,1,0,1.86813,'enable',872),(209,6,'2016-04-11 20:04:27','account','','0/0',0,0,0,0,0,'disable',873),(210,6,'2016-04-11 20:04:27','cloud-web','/usr/bin/python /usr/bin/cloud-web-server /etc/cloud/web.conf','1/1',3,1,1,0,1.86813,'enable',874),(211,6,'2016-04-11 20:04:27','proxy','','0/0',0,0,0,0,0,'disable',875),(212,6,'2016-04-11 20:00:08','cloud-web','/usr/bin/python /usr/bin/cloud-web-server /etc/cloud/web.conf','1/1',3,1,1,0,1.86813,'enable',776),(213,6,'2016-04-11 20:00:13','account','','0/0',0,0,0,0,0,'disable',777),(214,6,'2016-04-11 20:00:13','cloud-web','/usr/bin/python /usr/bin/cloud-web-server /etc/cloud/web.conf','1/1',3,1,1,0,1.86813,'enable',778),(215,6,'2016-04-11 20:00:19','account','','0/0',0,0,0,0,0,'disable',779),(216,6,'2016-04-11 20:00:19','cloud-web','/usr/bin/python /usr/bin/cloud-web-server /etc/cloud/web.conf','1/1',3,1,1,0,1.86813,'enable',780),(217,6,'2016-04-11 20:00:24','account','','0/0',0,0,0,0,0,'disable',781),(218,6,'2016-04-11 20:00:24','cloud-web','/usr/bin/python /usr/bin/cloud-web-server /etc/cloud/web.conf','1/1',3,1,1,0,1.86813,'enable',782),(219,6,'2016-04-11 20:00:29','account','','0/0',0,0,0,0,0,'disable',783),(220,6,'2016-04-11 20:00:29','cloud-web','/usr/bin/python /usr/bin/cloud-web-server /etc/cloud/web.conf','1/1',3,1,1,0,1.86813,'enable',784),(221,6,'2016-04-11 20:00:34','account','','0/0',0,0,0,0,0,'disable',785),(222,6,'2016-04-11 20:00:34','cloud-web','/usr/bin/python /usr/bin/cloud-web-server /etc/cloud/web.conf','1/1',3,1,1,0,1.86813,'enable',786),(223,6,'2016-04-11 20:00:40','account','','0/0',0,0,0,0,0,'disable',787),(224,6,'2016-04-11 20:00:40','cloud-web','/usr/bin/python /usr/bin/cloud-web-server /etc/cloud/web.conf','1/1',3,1,1,0,1.86813,'enable',788),(225,6,'2016-04-11 20:00:45','account','','0/0',0,0,0,0,0,'disable',789),(226,6,'2016-04-11 20:00:45','cloud-web','/usr/bin/python /usr/bin/cloud-web-server /etc/cloud/web.conf','1/1',3,1,1,0,1.86813,'enable',790),(227,6,'2016-04-11 20:00:50','account','','0/0',0,0,0,0,0,'disable',791),(228,6,'2016-04-11 20:00:50','cloud-web','/usr/bin/python /usr/bin/cloud-web-server /etc/cloud/web.conf','1/1',3,1,1,0,1.86813,'enable',792),(229,6,'2016-04-11 20:00:55','account','','0/0',0,0,0,0,0,'disable',793),(230,6,'2016-04-11 20:00:55','cloud-web','/usr/bin/python /usr/bin/cloud-web-server /etc/cloud/web.conf','1/1',3,1,1,0,1.86813,'enable',794),(231,6,'2016-04-11 20:01:01','account','','0/0',0,0,0,0,0,'disable',795),(232,6,'2016-04-11 20:01:01','cloud-web','/usr/bin/python /usr/bin/cloud-web-server /etc/cloud/web.conf','1/1',3,1,1,0,1.86813,'enable',796),(233,6,'2016-04-11 20:01:06','account','','0/0',0,0,0,0,0,'disable',797),(234,6,'2016-04-11 20:01:06','cloud-web','/usr/bin/python /usr/bin/cloud-web-server /etc/cloud/web.conf','1/1',3,1,1,0,1.86813,'enable',798),(235,6,'2016-04-11 20:01:11','account','','0/0',0,0,0,0,0,'disable',799),(236,7,'2016-04-01 05:55:42','object','/usr/bin/python /usr/bin/swift-object-server /etc/swift/object-server/1.conf','1/1',5,1,1,0,4.70432,'enable',800),(237,7,'2016-04-01 05:55:42','cloud-web','','0/0',0,0,0,0,0,'disable',801),(238,7,'2016-04-01 05:55:42','cloud-monitor','','0/0',0,0,0,0,0,'disable',802),(239,7,'2016-04-01 05:55:42','proxy','/usr/bin/python /usr/bin/swift-proxy-server /etc/swift/proxy-server.conf','1/1',12,2,1,0,5.2465,'enable',803),(240,7,'2016-04-01 05:55:47','account','/usr/bin/python /usr/bin/swift-account-server /etc/swift/account-server/1.conf','1/1',3,1,1,0,4.29358,'enable',804),(241,7,'2016-04-01 05:55:47','container','/usr/bin/python /usr/bin/swift-container-server /etc/swift//container-server/1.conf','1/1',5,1,1,0,4.64956,'enable',805),(242,7,'2016-04-01 05:55:47','object','/usr/bin/python /usr/bin/swift-object-server /etc/swift/object-server/1.conf','1/1',5,1,1,0,4.70432,'enable',806),(243,7,'2016-04-01 05:55:48','cloud-web','','0/0',0,0,0,0,0,'disable',807),(244,7,'2016-04-01 05:55:48','cloud-monitor','','0/0',0,0,0,0,0,'disable',808),(245,7,'2016-04-01 05:55:48','proxy','/usr/bin/python /usr/bin/swift-proxy-server /etc/swift/proxy-server.conf','1/1',12,2,1,0,5.2465,'enable',809),(246,7,'2016-04-01 05:55:53','account','/usr/bin/python /usr/bin/swift-account-server /etc/swift/account-server/1.conf','1/1',3,1,1,0,4.29358,'enable',810),(247,7,'2016-04-01 05:55:53','container','/usr/bin/python /usr/bin/swift-container-server /etc/swift//container-server/1.conf','1/1',5,1,1,0,4.64956,'enable',811),(248,7,'2016-04-01 05:55:53','object','/usr/bin/python /usr/bin/swift-object-server /etc/swift/object-server/1.conf','1/1',5,1,1,0,4.70432,'enable',812),(249,7,'2016-04-01 05:55:53','cloud-web','','0/0',0,0,0,0,0,'disable',813),(250,7,'2016-04-01 05:55:53','cloud-monitor','','0/0',0,0,0,0,0,'disable',814),(251,7,'2016-04-01 05:55:53','proxy','/usr/bin/python /usr/bin/swift-proxy-server /etc/swift/proxy-server.conf','1/1',12,2,1,0,5.2465,'enable',815),(252,7,'2016-04-01 05:55:58','account','/usr/bin/python /usr/bin/swift-account-server /etc/swift/account-server/1.conf','1/1',3,1,1,0,4.29358,'enable',816),(253,7,'2016-04-01 05:55:58','container','/usr/bin/python /usr/bin/swift-container-server /etc/swift//container-server/1.conf','1/1',5,1,1,0,4.64956,'enable',817),(254,7,'2016-04-01 05:55:58','object','/usr/bin/python /usr/bin/swift-object-server /etc/swift/object-server/1.conf','1/1',5,1,1,0,4.70432,'enable',818),(255,7,'2016-04-01 05:55:59','cloud-web','','0/0',0,0,0,0,0,'disable',819),(256,7,'2016-04-01 05:55:59','cloud-monitor','','0/0',0,0,0,0,0,'disable',820),(257,7,'2016-04-01 05:55:59','proxy','/usr/bin/python /usr/bin/swift-proxy-server /etc/swift/proxy-server.conf','1/1',12,2,1,0,5.2465,'enable',821),(258,7,'2016-04-01 05:56:04','account','/usr/bin/python /usr/bin/swift-account-server /etc/swift/account-server/1.conf','1/1',3,1,1,0,4.29358,'enable',822),(259,7,'2016-04-01 05:56:04','container','/usr/bin/python /usr/bin/swift-container-server /etc/swift//container-server/1.conf','1/1',5,1,1,0,4.64956,'enable',823),(260,7,'2016-04-01 05:56:04','object','/usr/bin/python /usr/bin/swift-object-server /etc/swift/object-server/1.conf','1/1',5,1,1,0,4.70432,'enable',824),(261,7,'2016-04-01 05:56:04','cloud-web','','0/0',0,0,0,0,0,'disable',825),(262,7,'2016-04-01 05:56:04','cloud-monitor','','0/0',0,0,0,0,0,'disable',826),(263,7,'2016-04-01 05:56:04','proxy','/usr/bin/python /usr/bin/swift-proxy-server /etc/swift/proxy-server.conf','1/1',12,2,1,0,5.2465,'enable',827),(264,7,'2016-04-01 05:56:09','account','/usr/bin/python /usr/bin/swift-account-server /etc/swift/account-server/1.conf','1/1',3,1,1,0,4.29358,'enable',828),(265,7,'2016-04-01 05:56:09','container','/usr/bin/python /usr/bin/swift-container-server /etc/swift//container-server/1.conf','1/1',5,1,1,0,4.64956,'enable',829),(266,7,'2016-04-01 05:56:09','object','/usr/bin/python /usr/bin/swift-object-server /etc/swift/object-server/1.conf','1/1',5,1,1,0,4.70432,'enable',830),(267,7,'2016-04-01 05:56:09','cloud-web','','0/0',0,0,0,0,0,'disable',831),(268,7,'2016-04-01 05:56:09','cloud-monitor','','0/0',0,0,0,0,0,'disable',832),(269,7,'2016-04-01 05:56:09','proxy','/usr/bin/python /usr/bin/swift-proxy-server /etc/swift/proxy-server.conf','1/1',12,2,1,0,5.2465,'enable',833),(270,7,'2016-04-01 05:56:15','account','/usr/bin/python /usr/bin/swift-account-server /etc/swift/account-server/1.conf','1/1',3,1,1,0,4.29358,'enable',834),(271,7,'2016-04-01 05:56:15','container','/usr/bin/python /usr/bin/swift-container-server /etc/swift//container-server/1.conf','1/1',5,1,1,0,4.64956,'enable',835),(272,7,'2016-04-01 05:56:15','object','/usr/bin/python /usr/bin/swift-object-server /etc/swift/object-server/1.conf','1/1',5,1,1,0,4.70432,'enable',836),(273,7,'2016-04-01 05:56:15','cloud-web','','0/0',0,0,0,0,0,'disable',837),(274,7,'2016-04-01 05:56:15','cloud-monitor','','0/0',0,0,0,0,0,'disable',838),(275,7,'2016-04-01 05:56:15','proxy','/usr/bin/python /usr/bin/swift-proxy-server /etc/swift/proxy-server.conf','1/1',12,2,1,0,5.2465,'enable',839),(276,7,'2016-04-01 05:56:20','account','/usr/bin/python /usr/bin/swift-account-server /etc/swift/account-server/1.conf','1/1',3,1,1,0,4.29358,'enable',840),(277,7,'2016-04-01 05:56:20','container','/usr/bin/python /usr/bin/swift-container-server /etc/swift//container-server/1.conf','1/1',5,1,1,0,4.64956,'enable',841),(278,7,'2016-04-01 05:56:20','object','/usr/bin/python /usr/bin/swift-object-server /etc/swift/object-server/1.conf','1/1',5,1,1,0,4.70432,'enable',842),(279,7,'2016-04-01 05:56:20','cloud-web','','0/0',0,0,0,0,0,'disable',843),(280,7,'2016-04-01 05:56:20','cloud-monitor','','0/0',0,0,0,0,0,'disable',844),(281,7,'2016-04-01 05:56:20','proxy','/usr/bin/python /usr/bin/swift-proxy-server /etc/swift/proxy-server.conf','1/1',12,2,1,0,5.2465,'enable',845),(282,7,'2016-04-01 05:56:26','account','/usr/bin/python /usr/bin/swift-account-server /etc/swift/account-server/1.conf','1/1',3,1,1,0,4.29358,'enable',846),(283,7,'2016-04-01 05:56:26','container','/usr/bin/python /usr/bin/swift-container-server /etc/swift//container-server/1.conf','1/1',5,1,1,0,4.64956,'enable',847),(284,7,'2016-04-01 05:56:26','object','/usr/bin/python /usr/bin/swift-object-server /etc/swift/object-server/1.conf','1/1',5,1,1,0,4.70432,'enable',848),(285,7,'2016-04-01 05:56:26','cloud-web','','0/0',0,0,0,0,0,'disable',849),(286,7,'2016-04-01 05:56:26','cloud-monitor','','0/0',0,0,0,0,0,'disable',850),(287,7,'2016-04-01 05:56:26','proxy','/usr/bin/python /usr/bin/swift-proxy-server /etc/swift/proxy-server.conf','1/1',12,2,1,0,5.2465,'enable',851),(288,7,'2016-04-01 05:56:31','account','/usr/bin/python /usr/bin/swift-account-server /etc/swift/account-server/1.conf','1/1',3,1,1,0,4.29358,'enable',852),(289,7,'2016-04-01 05:56:31','container','/usr/bin/python /usr/bin/swift-container-server /etc/swift//container-server/1.conf','1/1',5,1,1,0,4.64956,'enable',853),(290,7,'2016-04-01 05:56:31','object','/usr/bin/python /usr/bin/swift-object-server /etc/swift/object-server/1.conf','1/1',5,1,1,0,4.70432,'enable',854),(291,7,'2016-04-01 05:56:31','cloud-web','','0/0',0,0,0,0,0,'disable',855),(292,7,'2016-04-01 05:56:31','cloud-monitor','','0/0',0,0,0,0,0,'disable',856),(293,7,'2016-04-01 05:56:31','proxy','/usr/bin/python /usr/bin/swift-proxy-server /etc/swift/proxy-server.conf','1/1',12,2,1,0,5.2465,'enable',857),(294,7,'2016-04-01 05:56:36','account','/usr/bin/python /usr/bin/swift-account-server /etc/swift/account-server/1.conf','1/1',3,1,1,0,4.29358,'enable',858),(295,7,'2016-04-01 05:56:37','container','/usr/bin/python /usr/bin/swift-container-server /etc/swift//container-server/1.conf','1/1',5,1,1,0,4.64956,'enable',859),(296,7,'2016-04-01 05:56:37','object','/usr/bin/python /usr/bin/swift-object-server /etc/swift/object-server/1.conf','1/1',5,1,1,0,4.70432,'enable',860),(297,7,'2016-04-01 05:56:37','cloud-web','','0/0',0,0,0,0,0,'disable',861),(298,7,'2016-04-01 05:56:37','cloud-monitor','','0/0',0,0,0,0,0,'disable',862),(299,7,'2016-04-01 05:56:37','proxy','/usr/bin/python /usr/bin/swift-proxy-server /etc/swift/proxy-server.conf','1/1',12,2,1,0,5.2465,'enable',863),(300,7,'2016-04-01 05:56:42','account','/usr/bin/python /usr/bin/swift-account-server /etc/swift/account-server/1.conf','1/1',3,1,1,0,4.29358,'enable',864),(301,7,'2016-04-01 05:56:42','container','/usr/bin/python /usr/bin/swift-container-server /etc/swift//container-server/1.conf','1/1',5,1,1,0,4.64956,'enable',865),(302,7,'2016-04-01 05:56:42','object','/usr/bin/python /usr/bin/swift-object-server /etc/swift/object-server/1.conf','1/1',5,1,1,0,4.70432,'enable',866),(303,7,'2016-04-01 05:56:42','cloud-web','','0/0',0,0,0,0,0,'disable',867),(304,7,'2016-04-01 05:56:42','cloud-monitor','','0/0',0,0,0,0,0,'disable',868),(305,7,'2016-04-01 05:56:42','proxy','/usr/bin/python /usr/bin/swift-proxy-server /etc/swift/proxy-server.conf','1/1',12,2,1,0,5.2465,'enable',869),(306,7,'2016-04-01 05:56:47','account','/usr/bin/python /usr/bin/swift-account-server /etc/swift/account-server/1.conf','1/1',3,1,1,0,4.29358,'enable',870),(307,7,'2016-04-01 05:56:47','container','/usr/bin/python /usr/bin/swift-container-server /etc/swift//container-server/1.conf','1/1',5,1,1,0,4.64956,'enable',871),(308,7,'2016-04-01 05:56:48','object','/usr/bin/python /usr/bin/swift-object-server /etc/swift/object-server/1.conf','1/1',5,1,1,0,4.70432,'enable',872),(309,7,'2016-04-01 05:56:48','cloud-web','','0/0',0,0,0,0,0,'disable',873),(310,7,'2016-04-01 05:56:48','cloud-monitor','','0/0',0,0,0,0,0,'disable',874),(311,7,'2016-04-01 05:56:48','proxy','/usr/bin/python /usr/bin/swift-proxy-server /etc/swift/proxy-server.conf','1/1',12,2,1,0,5.2465,'enable',875),(312,7,'2016-04-01 05:56:53','account','/usr/bin/python /usr/bin/swift-account-server /etc/swift/account-server/1.conf','1/1',3,1,1,0,4.29358,'enable',876),(313,7,'2016-04-01 05:56:53','container','/usr/bin/python /usr/bin/swift-container-server /etc/swift//container-server/1.conf','1/1',5,1,1,0,4.64956,'enable',877),(314,7,'2016-04-01 05:56:53','object','/usr/bin/python /usr/bin/swift-object-server /etc/swift/object-server/1.conf','1/1',5,1,1,0,4.70432,'enable',878),(315,7,'2016-04-01 05:56:53','cloud-web','','0/0',0,0,0,0,0,'disable',879),(316,7,'2016-04-01 05:56:53','cloud-monitor','','0/0',0,0,0,0,0,'disable',880),(317,7,'2016-04-01 05:56:53','proxy','/usr/bin/python /usr/bin/swift-proxy-server /etc/swift/proxy-server.conf','1/1',12,2,1,0,5.2465,'enable',881),(318,7,'2016-04-01 05:55:26','object','/usr/bin/python /usr/bin/swift-object-server /etc/swift/object-server/1.conf','1/1',5,1,1,0,4.70432,'enable',782),(319,7,'2016-04-01 05:55:26','cloud-web','','0/0',0,0,0,0,0,'disable',783),(320,7,'2016-04-01 05:55:26','cloud-monitor','','0/0',0,0,0,0,0,'disable',784),(321,7,'2016-04-01 05:55:26','proxy','/usr/bin/python /usr/bin/swift-proxy-server /etc/swift/proxy-server.conf','1/1',12,2,1,0,5.2465,'enable',785),(322,7,'2016-04-01 05:55:31','account','/usr/bin/python /usr/bin/swift-account-server /etc/swift/account-server/1.conf','1/1',3,1,1,0,4.29358,'enable',786),(323,7,'2016-04-01 05:55:31','container','/usr/bin/python /usr/bin/swift-container-server /etc/swift//container-server/1.conf','1/1',5,1,1,0,4.64956,'enable',787),(324,7,'2016-04-01 05:55:31','object','/usr/bin/python /usr/bin/swift-object-server /etc/swift/object-server/1.conf','1/1',5,1,1,0,4.70432,'enable',788),(325,7,'2016-04-01 05:55:31','cloud-web','','0/0',0,0,0,0,0,'disable',789),(326,7,'2016-04-01 05:55:31','cloud-monitor','','0/0',0,0,0,0,0,'disable',790),(327,7,'2016-04-01 05:55:31','proxy','/usr/bin/python /usr/bin/swift-proxy-server /etc/swift/proxy-server.conf','1/1',12,2,1,0,5.2465,'enable',791),(328,7,'2016-04-01 05:55:36','account','/usr/bin/python /usr/bin/swift-account-server /etc/swift/account-server/1.conf','1/1',3,1,1,0,4.29358,'enable',792),(329,7,'2016-04-01 05:55:36','container','/usr/bin/python /usr/bin/swift-container-server /etc/swift//container-server/1.conf','1/1',5,1,1,0,4.64956,'enable',793),(330,7,'2016-04-01 05:55:37','object','/usr/bin/python /usr/bin/swift-object-server /etc/swift/object-server/1.conf','1/1',5,1,1,0,4.70432,'enable',794),(331,7,'2016-04-01 05:55:37','cloud-web','','0/0',0,0,0,0,0,'disable',795),(332,7,'2016-04-01 05:55:37','cloud-monitor','','0/0',0,0,0,0,0,'disable',796),(333,7,'2016-04-01 05:55:37','proxy','/usr/bin/python /usr/bin/swift-proxy-server /etc/swift/proxy-server.conf','1/1',12,2,1,0,5.2465,'enable',797),(334,7,'2016-04-01 05:55:42','account','/usr/bin/python /usr/bin/swift-account-server /etc/swift/account-server/1.conf','1/1',3,1,1,0,4.29358,'enable',798),(335,7,'2016-04-01 05:55:42','container','/usr/bin/python /usr/bin/swift-container-server /etc/swift//container-server/1.conf','1/1',5,1,1,0,4.64956,'enable',799);
/*!40000 ALTER TABLE `stat_service` ENABLE KEYS */;
UNLOCK TABLES;

--
-- Table structure for table `stat_storage`
--

DROP TABLE IF EXISTS `stat_storage`;
/*!40101 SET @saved_cs_client     = @@character_set_client */;
/*!40101 SET character_set_client = utf8 */;
CREATE TABLE `stat_storage` (
  `id` bigint(20) NOT NULL AUTO_INCREMENT,
  `host_id` bigint(20) NOT NULL,
  `timestamp` datetime DEFAULT NULL,
  `uuid` varchar(255) DEFAULT NULL,
  `path` varchar(255) DEFAULT NULL,
  `total` bigint(20) DEFAULT NULL,
  `used` bigint(20) DEFAULT NULL,
  `free` bigint(20) DEFAULT NULL,
  `available` varchar(8) DEFAULT NULL,
  `seq` bigint(20) DEFAULT NULL,
  PRIMARY KEY (`id`),
  KEY `stat_storage_check` (`host_id`),
  CONSTRAINT `stat_storage_check` FOREIGN KEY (`host_id`) REFERENCES `host` (`id`) ON DELETE CASCADE ON UPDATE CASCADE
) ENGINE=InnoDB AUTO_INCREMENT=384 DEFAULT CHARSET=latin1;
/*!40101 SET character_set_client = @saved_cs_client */;

--
-- Dumping data for table `stat_storage`
--

LOCK TABLES `stat_storage` WRITE;
/*!40000 ALTER TABLE `stat_storage` DISABLE KEYS */;
INSERT INTO `stat_storage` VALUES (184,6,'2016-04-11 19:56:40','4858dab5b4ac16ad2b7d274698c2532a','/home',50275885056,195751936,47526223872,'enable',1400),(185,6,'2016-04-11 19:57:10','4858dab5b4ac16ad2b7d274698c2532a','/home',50275885056,195751936,47526223872,'enable',1401),(186,6,'2016-04-11 19:57:40','4858dab5b4ac16ad2b7d274698c2532a','/home',50275885056,195751936,47526223872,'enable',1402),(187,6,'2016-04-11 19:58:10','4858dab5b4ac16ad2b7d274698c2532a','/home',50275885056,195751936,47526223872,'enable',1403),(188,6,'2016-04-11 19:58:40','4858dab5b4ac16ad2b7d274698c2532a','/home',50275885056,195751936,47526223872,'enable',1404),(189,6,'2016-04-11 19:59:10','4858dab5b4ac16ad2b7d274698c2532a','/home',50275885056,195751936,47526223872,'enable',1405),(190,6,'2016-04-11 19:59:40','4858dab5b4ac16ad2b7d274698c2532a','/home',50275885056,195751936,47526223872,'enable',1406),(191,6,'2016-04-11 20:00:10','4858dab5b4ac16ad2b7d274698c2532a','/home',50275885056,195751936,47526223872,'enable',1407),(192,6,'2016-04-11 20:00:40','4858dab5b4ac16ad2b7d274698c2532a','/home',50275885056,195751936,47526223872,'enable',1408),(193,6,'2016-04-11 20:01:10','4858dab5b4ac16ad2b7d274698c2532a','/home',50275885056,195751936,47526223872,'enable',1409),(194,6,'2016-04-11 20:01:40','4858dab5b4ac16ad2b7d274698c2532a','/home',50275885056,195751936,47526223872,'enable',1410),(195,6,'2016-04-11 20:02:10','4858dab5b4ac16ad2b7d274698c2532a','/home',50275885056,195751936,47526223872,'enable',1411),(196,6,'2016-04-11 20:02:40','4858dab5b4ac16ad2b7d274698c2532a','/home',50275885056,195751936,47526223872,'enable',1412),(197,6,'2016-04-11 20:03:10','4858dab5b4ac16ad2b7d274698c2532a','/home',50275885056,195751936,47526223872,'enable',1413),(198,6,'2016-04-11 20:03:40','4858dab5b4ac16ad2b7d274698c2532a','/home',50275885056,195751936,47526223872,'enable',1414),(199,6,'2016-04-11 20:04:10','4858dab5b4ac16ad2b7d274698c2532a','/home',50275885056,195751936,47526223872,'enable',1415),(200,6,'2016-04-08 20:34:56','4858dab5b4ac16ad2b7d274698c2532a','/home',50275885056,195751936,47526223872,'enable',1316),(201,6,'2016-04-08 20:35:56','6666cd76f96956469e7be39d750cc7d9','/',52844687360,5065793536,45094539264,'enable',1317),(202,6,'2016-04-08 20:35:56','a53bfb333437907a8d5bdc636d15c75d','/boot',507744256,35369984,446159872,'enable',1318),(203,6,'2016-04-08 20:35:56','4858dab5b4ac16ad2b7d274698c2532a','/home',50275885056,195751936,47526223872,'enable',1319),(204,6,'2016-04-08 20:36:27','6666cd76f96956469e7be39d750cc7d9','/',52844687360,5111894016,45048438784,'enable',1320),(205,6,'2016-04-08 20:36:27','a53bfb333437907a8d5bdc636d15c75d','/boot',507744256,35369984,446159872,'enable',1321),(206,6,'2016-04-08 20:36:27','4858dab5b4ac16ad2b7d274698c2532a','/home',50275885056,195751936,47526223872,'enable',1322),(207,6,'2016-04-08 21:15:19','a53bfb333437907a8d5bdc636d15c75d','/boot',507744256,35369984,446159872,'enable',1323),(208,6,'2016-04-08 21:15:49','6666cd76f96956469e7be39d750cc7d9','/',52844687360,5034385408,45125947392,'enable',1324),(209,6,'2016-04-08 21:15:49','4858dab5b4ac16ad2b7d274698c2532a','/home',50275885056,195751936,47526223872,'enable',1325),(210,6,'2016-04-08 21:16:19','a53bfb333437907a8d5bdc636d15c75d','/boot',507744256,35369984,446159872,'enable',1326),(211,6,'2016-04-08 21:16:49','6666cd76f96956469e7be39d750cc7d9','/',52844687360,5110792192,45049540608,'enable',1327),(212,6,'2016-04-08 21:16:49','4858dab5b4ac16ad2b7d274698c2532a','/home',50275885056,195751936,47526223872,'enable',1328),(213,6,'2016-04-08 21:17:19','a53bfb333437907a8d5bdc636d15c75d','/boot',507744256,35369984,446159872,'enable',1329),(214,6,'2016-04-08 21:17:49','6666cd76f96956469e7be39d750cc7d9','/',52844687360,5057855488,45102477312,'enable',1330),(215,6,'2016-04-08 21:17:49','4858dab5b4ac16ad2b7d274698c2532a','/home',50275885056,195751936,47526223872,'enable',1331),(216,6,'2016-04-08 21:18:19','a53bfb333437907a8d5bdc636d15c75d','/boot',507744256,35369984,446159872,'enable',1332),(217,6,'2016-04-08 21:18:49','6666cd76f96956469e7be39d750cc7d9','/',52844687360,5177978880,44982353920,'enable',1333),(218,6,'2016-04-08 21:18:49','4858dab5b4ac16ad2b7d274698c2532a','/home',50275885056,195751936,47526223872,'enable',1334),(219,6,'2016-04-08 21:19:19','a53bfb333437907a8d5bdc636d15c75d','/boot',507744256,35369984,446159872,'enable',1335),(220,6,'2016-04-08 21:19:49','6666cd76f96956469e7be39d750cc7d9','/',52844687360,5298089984,44862242816,'enable',1336),(221,6,'2016-04-08 21:19:49','4858dab5b4ac16ad2b7d274698c2532a','/home',50275885056,195751936,47526223872,'enable',1337),(222,6,'2016-04-08 21:20:19','a53bfb333437907a8d5bdc636d15c75d','/boot',507744256,35369984,446159872,'enable',1338),(223,6,'2016-04-08 21:20:49','6666cd76f96956469e7be39d750cc7d9','/',52844687360,5418160128,44742172672,'enable',1339),(224,6,'2016-04-08 21:20:49','4858dab5b4ac16ad2b7d274698c2532a','/home',50275885056,195751936,47526223872,'enable',1340),(225,6,'2016-04-08 21:21:20','a53bfb333437907a8d5bdc636d15c75d','/boot',507744256,35369984,446159872,'enable',1341),(226,6,'2016-04-08 21:21:50','6666cd76f96956469e7be39d750cc7d9','/',52844687360,5538320384,44622012416,'enable',1342),(227,6,'2016-04-08 21:21:50','4858dab5b4ac16ad2b7d274698c2532a','/home',50275885056,195751936,47526223872,'enable',1343),(228,6,'2016-04-08 21:22:20','a53bfb333437907a8d5bdc636d15c75d','/boot',507744256,35369984,446159872,'enable',1344),(229,6,'2016-04-08 21:22:50','6666cd76f96956469e7be39d750cc7d9','/',52844687360,5658394624,44501938176,'enable',1345),(230,6,'2016-04-08 21:22:50','4858dab5b4ac16ad2b7d274698c2532a','/home',50275885056,195751936,47526223872,'enable',1346),(231,6,'2016-04-11 19:36:27','6666cd76f96956469e7be39d750cc7d9','/',52844687360,5690003456,44470329344,'enable',1347),(232,6,'2016-04-11 19:36:27','a53bfb333437907a8d5bdc636d15c75d','/boot',507744256,35369984,446159872,'enable',1348),(233,6,'2016-04-11 19:36:27','4858dab5b4ac16ad2b7d274698c2532a','/home',50275885056,195751936,47526223872,'enable',1349),(234,6,'2016-04-11 19:36:57','6666cd76f96956469e7be39d750cc7d9','/',52844687360,5690003456,44470329344,'enable',1350),(235,6,'2016-04-11 19:36:57','a53bfb333437907a8d5bdc636d15c75d','/boot',507744256,35369984,446159872,'enable',1351),(236,6,'2016-04-11 19:36:57','4858dab5b4ac16ad2b7d274698c2532a','/home',50275885056,195751936,47526223872,'enable',1352),(237,6,'2016-04-11 19:37:27','6666cd76f96956469e7be39d750cc7d9','/',52844687360,5690003456,44470329344,'enable',1353),(238,6,'2016-04-11 19:37:28','a53bfb333437907a8d5bdc636d15c75d','/boot',507744256,35369984,446159872,'enable',1354),(239,6,'2016-04-11 19:37:28','4858dab5b4ac16ad2b7d274698c2532a','/home',50275885056,195751936,47526223872,'enable',1355),(240,6,'2016-04-11 19:37:58','6666cd76f96956469e7be39d750cc7d9','/',52844687360,5690003456,44470329344,'enable',1356),(241,6,'2016-04-11 19:37:58','a53bfb333437907a8d5bdc636d15c75d','/boot',507744256,35369984,446159872,'enable',1357),(242,6,'2016-04-11 19:37:58','4858dab5b4ac16ad2b7d274698c2532a','/home',50275885056,195751936,47526223872,'enable',1358),(243,6,'2016-04-11 19:38:28','6666cd76f96956469e7be39d750cc7d9','/',52844687360,5690003456,44470329344,'enable',1359),(244,6,'2016-04-11 19:38:28','a53bfb333437907a8d5bdc636d15c75d','/boot',507744256,35369984,446159872,'enable',1360),(245,6,'2016-04-11 19:38:28','4858dab5b4ac16ad2b7d274698c2532a','/home',50275885056,195751936,47526223872,'enable',1361),(246,6,'2016-04-11 19:38:58','6666cd76f96956469e7be39d750cc7d9','/',52844687360,5690003456,44470329344,'enable',1362),(247,6,'2016-04-11 19:38:58','a53bfb333437907a8d5bdc636d15c75d','/boot',507744256,35369984,446159872,'enable',1363),(248,6,'2016-04-11 19:38:58','4858dab5b4ac16ad2b7d274698c2532a','/home',50275885056,195751936,47526223872,'enable',1364),(249,6,'2016-04-11 19:39:28','6666cd76f96956469e7be39d750cc7d9','/',52844687360,5690019840,44470312960,'enable',1365),(250,6,'2016-04-11 19:39:28','a53bfb333437907a8d5bdc636d15c75d','/boot',507744256,35369984,446159872,'enable',1366),(251,6,'2016-04-11 19:39:28','4858dab5b4ac16ad2b7d274698c2532a','/home',50275885056,195751936,47526223872,'enable',1367),(252,6,'2016-04-11 19:40:30','a53bfb333437907a8d5bdc636d15c75d','/boot',507744256,35369984,446159872,'enable',1368),(253,6,'2016-04-11 19:41:00','6666cd76f96956469e7be39d750cc7d9','/',52844687360,5690015744,44470317056,'enable',1369),(254,6,'2016-04-11 19:41:00','4858dab5b4ac16ad2b7d274698c2532a','/home',50275885056,195751936,47526223872,'enable',1370),(255,6,'2016-04-11 19:41:30','a53bfb333437907a8d5bdc636d15c75d','/boot',507744256,35369984,446159872,'enable',1371),(256,6,'2016-04-11 19:42:00','6666cd76f96956469e7be39d750cc7d9','/',52844687360,5690015744,44470317056,'enable',1372),(257,6,'2016-04-11 19:42:00','4858dab5b4ac16ad2b7d274698c2532a','/home',50275885056,195751936,47526223872,'enable',1373),(258,6,'2016-04-11 19:43:40','4858dab5b4ac16ad2b7d274698c2532a','/home',50275885056,195751936,47526223872,'enable',1374),(259,6,'2016-04-11 19:44:10','4858dab5b4ac16ad2b7d274698c2532a','/home',50275885056,195751936,47526223872,'enable',1375),(260,6,'2016-04-11 19:44:40','4858dab5b4ac16ad2b7d274698c2532a','/home',50275885056,195751936,47526223872,'enable',1376),(261,6,'2016-04-11 19:45:10','4858dab5b4ac16ad2b7d274698c2532a','/home',50275885056,195751936,47526223872,'enable',1377),(262,6,'2016-04-11 19:45:40','4858dab5b4ac16ad2b7d274698c2532a','/home',50275885056,195751936,47526223872,'enable',1378),(263,6,'2016-04-11 19:46:10','4858dab5b4ac16ad2b7d274698c2532a','/home',50275885056,195751936,47526223872,'enable',1379),(264,6,'2016-04-11 19:46:40','4858dab5b4ac16ad2b7d274698c2532a','/home',50275885056,195751936,47526223872,'enable',1380),(265,6,'2016-04-11 19:47:10','4858dab5b4ac16ad2b7d274698c2532a','/home',50275885056,195751936,47526223872,'enable',1381),(266,6,'2016-04-11 19:47:40','4858dab5b4ac16ad2b7d274698c2532a','/home',50275885056,195751936,47526223872,'enable',1382),(267,6,'2016-04-11 19:48:10','4858dab5b4ac16ad2b7d274698c2532a','/home',50275885056,195751936,47526223872,'enable',1383),(268,6,'2016-04-11 19:48:40','4858dab5b4ac16ad2b7d274698c2532a','/home',50275885056,195751936,47526223872,'enable',1384),(269,6,'2016-04-11 19:49:10','4858dab5b4ac16ad2b7d274698c2532a','/home',50275885056,195751936,47526223872,'enable',1385),(270,6,'2016-04-11 19:49:40','4858dab5b4ac16ad2b7d274698c2532a','/home',50275885056,195751936,47526223872,'enable',1386),(271,6,'2016-04-11 19:50:10','4858dab5b4ac16ad2b7d274698c2532a','/home',50275885056,195751936,47526223872,'enable',1387),(272,6,'2016-04-11 19:50:40','4858dab5b4ac16ad2b7d274698c2532a','/home',50275885056,195751936,47526223872,'enable',1388),(273,6,'2016-04-11 19:51:10','4858dab5b4ac16ad2b7d274698c2532a','/home',50275885056,195751936,47526223872,'enable',1389),(274,6,'2016-04-11 19:51:40','4858dab5b4ac16ad2b7d274698c2532a','/home',50275885056,195751936,47526223872,'enable',1390),(275,6,'2016-04-11 19:52:10','4858dab5b4ac16ad2b7d274698c2532a','/home',50275885056,195751936,47526223872,'enable',1391),(276,6,'2016-04-11 19:52:40','4858dab5b4ac16ad2b7d274698c2532a','/home',50275885056,195751936,47526223872,'enable',1392),(277,6,'2016-04-11 19:53:10','4858dab5b4ac16ad2b7d274698c2532a','/home',50275885056,195751936,47526223872,'enable',1393),(278,6,'2016-04-11 19:53:40','4858dab5b4ac16ad2b7d274698c2532a','/home',50275885056,195751936,47526223872,'enable',1394),(279,6,'2016-04-11 19:54:10','4858dab5b4ac16ad2b7d274698c2532a','/home',50275885056,195751936,47526223872,'enable',1395),(280,6,'2016-04-11 19:54:40','4858dab5b4ac16ad2b7d274698c2532a','/home',50275885056,195751936,47526223872,'enable',1396),(281,6,'2016-04-11 19:55:10','4858dab5b4ac16ad2b7d274698c2532a','/home',50275885056,195751936,47526223872,'enable',1397),(282,6,'2016-04-11 19:55:40','4858dab5b4ac16ad2b7d274698c2532a','/home',50275885056,195751936,47526223872,'enable',1398),(283,6,'2016-04-11 19:56:10','4858dab5b4ac16ad2b7d274698c2532a','/home',50275885056,195751936,47526223872,'enable',1399),(284,7,'2016-04-01 05:56:37','6666cd76f96956469e7be39d750cc7d9','/',50275885056,6815449088,40906526720,'enable',100),(285,7,'2016-04-01 05:56:37','a53bfb333437907a8d5bdc636d15c75d','/boot',507744256,35357696,446172160,'enable',101),(286,7,'2016-04-01 05:56:37','81234dab60156c01de836b4f12356efd','/mnt/sdb',52843966464,189448192,49970200576,'enable',102),(287,7,'2016-04-01 05:56:37','55d87b4e37f04071214b3fe88e769be9','/mnt/sdc',52843966464,189448192,49970200576,'enable',103),(288,7,'2016-04-01 05:44:36','6666cd76f96956469e7be39d750cc7d9','/',50275885056,6815449088,40906526720,'enable',4),(289,7,'2016-04-01 05:44:36','a53bfb333437907a8d5bdc636d15c75d','/boot',507744256,35357696,446172160,'enable',5),(290,7,'2016-04-01 05:44:36','81234dab60156c01de836b4f12356efd','/mnt/sdb',52843966464,189448192,49970200576,'enable',6),(291,7,'2016-04-01 05:44:36','55d87b4e37f04071214b3fe88e769be9','/mnt/sdc',52843966464,189448192,49970200576,'enable',7),(292,7,'2016-04-01 05:45:06','6666cd76f96956469e7be39d750cc7d9','/',50275885056,6815449088,40906526720,'enable',8),(293,7,'2016-04-01 05:45:06','a53bfb333437907a8d5bdc636d15c75d','/boot',507744256,35357696,446172160,'enable',9),(294,7,'2016-04-01 05:45:06','81234dab60156c01de836b4f12356efd','/mnt/sdb',52843966464,189448192,49970200576,'enable',10),(295,7,'2016-04-01 05:45:06','55d87b4e37f04071214b3fe88e769be9','/mnt/sdc',52843966464,189448192,49970200576,'enable',11),(296,7,'2016-04-01 05:45:36','6666cd76f96956469e7be39d750cc7d9','/',50275885056,6815449088,40906526720,'enable',12),(297,7,'2016-04-01 05:45:36','a53bfb333437907a8d5bdc636d15c75d','/boot',507744256,35357696,446172160,'enable',13),(298,7,'2016-04-01 05:45:36','81234dab60156c01de836b4f12356efd','/mnt/sdb',52843966464,189448192,49970200576,'enable',14),(299,7,'2016-04-01 05:45:36','55d87b4e37f04071214b3fe88e769be9','/mnt/sdc',52843966464,189448192,49970200576,'enable',15),(300,7,'2016-04-01 05:46:06','6666cd76f96956469e7be39d750cc7d9','/',50275885056,6815449088,40906526720,'enable',16),(301,7,'2016-04-01 05:46:06','a53bfb333437907a8d5bdc636d15c75d','/boot',507744256,35357696,446172160,'enable',17),(302,7,'2016-04-01 05:46:06','81234dab60156c01de836b4f12356efd','/mnt/sdb',52843966464,189448192,49970200576,'enable',18),(303,7,'2016-04-01 05:46:06','55d87b4e37f04071214b3fe88e769be9','/mnt/sdc',52843966464,189448192,49970200576,'enable',19),(304,7,'2016-04-01 05:46:36','6666cd76f96956469e7be39d750cc7d9','/',50275885056,6815449088,40906526720,'enable',20),(305,7,'2016-04-01 05:46:36','a53bfb333437907a8d5bdc636d15c75d','/boot',507744256,35357696,446172160,'enable',21),(306,7,'2016-04-01 05:46:36','81234dab60156c01de836b4f12356efd','/mnt/sdb',52843966464,189448192,49970200576,'enable',22),(307,7,'2016-04-01 05:46:36','55d87b4e37f04071214b3fe88e769be9','/mnt/sdc',52843966464,189448192,49970200576,'enable',23),(308,7,'2016-04-01 05:47:06','6666cd76f96956469e7be39d750cc7d9','/',50275885056,6815449088,40906526720,'enable',24),(309,7,'2016-04-01 05:47:06','a53bfb333437907a8d5bdc636d15c75d','/boot',507744256,35357696,446172160,'enable',25),(310,7,'2016-04-01 05:47:06','81234dab60156c01de836b4f12356efd','/mnt/sdb',52843966464,189448192,49970200576,'enable',26),(311,7,'2016-04-01 05:47:06','55d87b4e37f04071214b3fe88e769be9','/mnt/sdc',52843966464,189448192,49970200576,'enable',27),(312,7,'2016-04-01 05:47:36','6666cd76f96956469e7be39d750cc7d9','/',50275885056,6815449088,40906526720,'enable',28),(313,7,'2016-04-01 05:47:36','a53bfb333437907a8d5bdc636d15c75d','/boot',507744256,35357696,446172160,'enable',29),(314,7,'2016-04-01 05:47:36','81234dab60156c01de836b4f12356efd','/mnt/sdb',52843966464,189448192,49970200576,'enable',30),(315,7,'2016-04-01 05:47:36','55d87b4e37f04071214b3fe88e769be9','/mnt/sdc',52843966464,189448192,49970200576,'enable',31),(316,7,'2016-04-01 05:48:06','6666cd76f96956469e7be39d750cc7d9','/',50275885056,6815449088,40906526720,'enable',32),(317,7,'2016-04-01 05:48:06','a53bfb333437907a8d5bdc636d15c75d','/boot',507744256,35357696,446172160,'enable',33),(318,7,'2016-04-01 05:48:06','81234dab60156c01de836b4f12356efd','/mnt/sdb',52843966464,189448192,49970200576,'enable',34),(319,7,'2016-04-01 05:48:06','55d87b4e37f04071214b3fe88e769be9','/mnt/sdc',52843966464,189448192,49970200576,'enable',35),(320,7,'2016-04-01 05:48:36','6666cd76f96956469e7be39d750cc7d9','/',50275885056,6815449088,40906526720,'enable',36),(321,7,'2016-04-01 05:48:36','a53bfb333437907a8d5bdc636d15c75d','/boot',507744256,35357696,446172160,'enable',37),(322,7,'2016-04-01 05:48:36','81234dab60156c01de836b4f12356efd','/mnt/sdb',52843966464,189448192,49970200576,'enable',38),(323,7,'2016-04-01 05:48:36','55d87b4e37f04071214b3fe88e769be9','/mnt/sdc',52843966464,189448192,49970200576,'enable',39),(324,7,'2016-04-01 05:49:06','6666cd76f96956469e7be39d750cc7d9','/',50275885056,6815449088,40906526720,'enable',40),(325,7,'2016-04-01 05:49:06','a53bfb333437907a8d5bdc636d15c75d','/boot',507744256,35357696,446172160,'enable',41),(326,7,'2016-04-01 05:49:06','81234dab60156c01de836b4f12356efd','/mnt/sdb',52843966464,189448192,49970200576,'enable',42),(327,7,'2016-04-01 05:49:06','55d87b4e37f04071214b3fe88e769be9','/mnt/sdc',52843966464,189448192,49970200576,'enable',43),(328,7,'2016-04-01 05:49:36','6666cd76f96956469e7be39d750cc7d9','/',50275885056,6815449088,40906526720,'enable',44),(329,7,'2016-04-01 05:49:36','a53bfb333437907a8d5bdc636d15c75d','/boot',507744256,35357696,446172160,'enable',45),(330,7,'2016-04-01 05:49:36','81234dab60156c01de836b4f12356efd','/mnt/sdb',52843966464,189448192,49970200576,'enable',46),(331,7,'2016-04-01 05:49:36','55d87b4e37f04071214b3fe88e769be9','/mnt/sdc',52843966464,189448192,49970200576,'enable',47),(332,7,'2016-04-01 05:50:06','6666cd76f96956469e7be39d750cc7d9','/',50275885056,6815449088,40906526720,'enable',48),(333,7,'2016-04-01 05:50:06','a53bfb333437907a8d5bdc636d15c75d','/boot',507744256,35357696,446172160,'enable',49),(334,7,'2016-04-01 05:50:06','81234dab60156c01de836b4f12356efd','/mnt/sdb',52843966464,189448192,49970200576,'enable',50),(335,7,'2016-04-01 05:50:06','55d87b4e37f04071214b3fe88e769be9','/mnt/sdc',52843966464,189448192,49970200576,'enable',51),(336,7,'2016-04-01 05:50:36','6666cd76f96956469e7be39d750cc7d9','/',50275885056,6815449088,40906526720,'enable',52),(337,7,'2016-04-01 05:50:36','a53bfb333437907a8d5bdc636d15c75d','/boot',507744256,35357696,446172160,'enable',53),(338,7,'2016-04-01 05:50:36','81234dab60156c01de836b4f12356efd','/mnt/sdb',52843966464,189448192,49970200576,'enable',54),(339,7,'2016-04-01 05:50:36','55d87b4e37f04071214b3fe88e769be9','/mnt/sdc',52843966464,189448192,49970200576,'enable',55),(340,7,'2016-04-01 05:51:06','6666cd76f96956469e7be39d750cc7d9','/',50275885056,6815449088,40906526720,'enable',56),(341,7,'2016-04-01 05:51:06','a53bfb333437907a8d5bdc636d15c75d','/boot',507744256,35357696,446172160,'enable',57),(342,7,'2016-04-01 05:51:06','81234dab60156c01de836b4f12356efd','/mnt/sdb',52843966464,189448192,49970200576,'enable',58),(343,7,'2016-04-01 05:51:06','55d87b4e37f04071214b3fe88e769be9','/mnt/sdc',52843966464,189448192,49970200576,'enable',59),(344,7,'2016-04-01 05:51:36','6666cd76f96956469e7be39d750cc7d9','/',50275885056,6815449088,40906526720,'enable',60),(345,7,'2016-04-01 05:51:36','a53bfb333437907a8d5bdc636d15c75d','/boot',507744256,35357696,446172160,'enable',61),(346,7,'2016-04-01 05:51:36','81234dab60156c01de836b4f12356efd','/mnt/sdb',52843966464,189448192,49970200576,'enable',62),(347,7,'2016-04-01 05:51:36','55d87b4e37f04071214b3fe88e769be9','/mnt/sdc',52843966464,189448192,49970200576,'enable',63),(348,7,'2016-04-01 05:52:06','6666cd76f96956469e7be39d750cc7d9','/',50275885056,6815449088,40906526720,'enable',64),(349,7,'2016-04-01 05:52:06','a53bfb333437907a8d5bdc636d15c75d','/boot',507744256,35357696,446172160,'enable',65),(350,7,'2016-04-01 05:52:06','81234dab60156c01de836b4f12356efd','/mnt/sdb',52843966464,189448192,49970200576,'enable',66),(351,7,'2016-04-01 05:52:06','55d87b4e37f04071214b3fe88e769be9','/mnt/sdc',52843966464,189448192,49970200576,'enable',67),(352,7,'2016-04-01 05:52:36','6666cd76f96956469e7be39d750cc7d9','/',50275885056,6815449088,40906526720,'enable',68),(353,7,'2016-04-01 05:52:36','a53bfb333437907a8d5bdc636d15c75d','/boot',507744256,35357696,446172160,'enable',69),(354,7,'2016-04-01 05:52:36','81234dab60156c01de836b4f12356efd','/mnt/sdb',52843966464,189448192,49970200576,'enable',70),(355,7,'2016-04-01 05:52:36','55d87b4e37f04071214b3fe88e769be9','/mnt/sdc',52843966464,189448192,49970200576,'enable',71),(356,7,'2016-04-01 05:53:06','6666cd76f96956469e7be39d750cc7d9','/',50275885056,6815449088,40906526720,'enable',72),(357,7,'2016-04-01 05:53:06','a53bfb333437907a8d5bdc636d15c75d','/boot',507744256,35357696,446172160,'enable',73),(358,7,'2016-04-01 05:53:06','81234dab60156c01de836b4f12356efd','/mnt/sdb',52843966464,189448192,49970200576,'enable',74),(359,7,'2016-04-01 05:53:06','55d87b4e37f04071214b3fe88e769be9','/mnt/sdc',52843966464,189448192,49970200576,'enable',75),(360,7,'2016-04-01 05:53:37','6666cd76f96956469e7be39d750cc7d9','/',50275885056,6815449088,40906526720,'enable',76),(361,7,'2016-04-01 05:53:37','a53bfb333437907a8d5bdc636d15c75d','/boot',507744256,35357696,446172160,'enable',77),(362,7,'2016-04-01 05:53:37','81234dab60156c01de836b4f12356efd','/mnt/sdb',52843966464,189448192,49970200576,'enable',78),(363,7,'2016-04-01 05:53:37','55d87b4e37f04071214b3fe88e769be9','/mnt/sdc',52843966464,189448192,49970200576,'enable',79),(364,7,'2016-04-01 05:54:07','6666cd76f96956469e7be39d750cc7d9','/',50275885056,6815449088,40906526720,'enable',80),(365,7,'2016-04-01 05:54:07','a53bfb333437907a8d5bdc636d15c75d','/boot',507744256,35357696,446172160,'enable',81),(366,7,'2016-04-01 05:54:07','81234dab60156c01de836b4f12356efd','/mnt/sdb',52843966464,189448192,49970200576,'enable',82),(367,7,'2016-04-01 05:54:07','55d87b4e37f04071214b3fe88e769be9','/mnt/sdc',52843966464,189448192,49970200576,'enable',83),(368,7,'2016-04-01 05:54:37','6666cd76f96956469e7be39d750cc7d9','/',50275885056,6815449088,40906526720,'enable',84),(369,7,'2016-04-01 05:54:37','a53bfb333437907a8d5bdc636d15c75d','/boot',507744256,35357696,446172160,'enable',85),(370,7,'2016-04-01 05:54:37','81234dab60156c01de836b4f12356efd','/mnt/sdb',52843966464,189448192,49970200576,'enable',86),(371,7,'2016-04-01 05:54:37','55d87b4e37f04071214b3fe88e769be9','/mnt/sdc',52843966464,189448192,49970200576,'enable',87),(372,7,'2016-04-01 05:55:07','6666cd76f96956469e7be39d750cc7d9','/',50275885056,6815449088,40906526720,'enable',88),(373,7,'2016-04-01 05:55:07','a53bfb333437907a8d5bdc636d15c75d','/boot',507744256,35357696,446172160,'enable',89),(374,7,'2016-04-01 05:55:07','81234dab60156c01de836b4f12356efd','/mnt/sdb',52843966464,189448192,49970200576,'enable',90),(375,7,'2016-04-01 05:55:07','55d87b4e37f04071214b3fe88e769be9','/mnt/sdc',52843966464,189448192,49970200576,'enable',91),(376,7,'2016-04-01 05:55:37','6666cd76f96956469e7be39d750cc7d9','/',50275885056,6815449088,40906526720,'enable',92),(377,7,'2016-04-01 05:55:37','a53bfb333437907a8d5bdc636d15c75d','/boot',507744256,35357696,446172160,'enable',93),(378,7,'2016-04-01 05:55:37','81234dab60156c01de836b4f12356efd','/mnt/sdb',52843966464,189448192,49970200576,'enable',94),(379,7,'2016-04-01 05:55:37','55d87b4e37f04071214b3fe88e769be9','/mnt/sdc',52843966464,189448192,49970200576,'enable',95),(380,7,'2016-04-01 05:56:07','6666cd76f96956469e7be39d750cc7d9','/',50275885056,6815449088,40906526720,'enable',96),(381,7,'2016-04-01 05:56:07','a53bfb333437907a8d5bdc636d15c75d','/boot',507744256,35357696,446172160,'enable',97),(382,7,'2016-04-01 05:56:07','81234dab60156c01de836b4f12356efd','/mnt/sdb',52843966464,189448192,49970200576,'enable',98),(383,7,'2016-04-01 05:56:07','55d87b4e37f04071214b3fe88e769be9','/mnt/sdc',52843966464,189448192,49970200576,'enable',99);
/*!40000 ALTER TABLE `stat_storage` ENABLE KEYS */;
UNLOCK TABLES;

--
-- Table structure for table `stobj`
--

DROP TABLE IF EXISTS `stobj`;
/*!40101 SET @saved_cs_client     = @@character_set_client */;
/*!40101 SET character_set_client = utf8 */;
CREATE TABLE `stobj` (
  `id` bigint(20) NOT NULL AUTO_INCREMENT,
  `path` varchar(255) NOT NULL,
  `type` char(16) DEFAULT NULL,
  `parent_id` bigint(20) DEFAULT NULL,
  `state` char(16) DEFAULT NULL,
  PRIMARY KEY (`id`),
  KEY `xiaodi_ibfk_1` (`parent_id`),
  CONSTRAINT `xiaodi_ibfk_1` FOREIGN KEY (`parent_id`) REFERENCES `stobj` (`id`) ON DELETE CASCADE ON UPDATE CASCADE
) ENGINE=InnoDB AUTO_INCREMENT=1381 DEFAULT CHARSET=latin1;
/*!40101 SET character_set_client = @saved_cs_client */;

--
-- Dumping data for table `stobj`
--

LOCK TABLES `stobj` WRITE;
/*!40000 ALTER TABLE `stobj` DISABLE KEYS */;
INSERT INTO `stobj` VALUES (1339,'AUTH_zhu__feng001163com','account',NULL,'enable'),(1340,'normal','container',1339,NULL),(1341,'normal_versions','container',1339,NULL),(1342,'segments','container',1339,'enable'),(1343,'recycle','container',1339,NULL),(1344,'meta','dir',1343,NULL),(1345,'user','dir',1343,NULL),(1346,'private','container',1339,NULL),(1347,'private_versions','container',1339,NULL),(1348,'backup','container',1339,NULL),(1349,'backup_versions','container',1339,NULL),(1350,'test.txt','file',1340,'enable'),(1351,'eAdeovCb-fB5lfu-TkhF','file',1345,'enable'),(1352,'dir','dir',1340,NULL),(1353,'1458264889.87618','file',1354,'enable'),(1354,'test3.txt','dir',1341,NULL),(1355,'1458264989.06846','file',1354,'enable'),(1356,'1458265714.99228','file',1354,'enable'),(1357,'1458265737.72852','file',1354,'enable'),(1358,'1458265891.31118','file',1354,'enable'),(1359,'1458266332.49078','file',1354,'enable'),(1360,'1458266809.81503','file',1354,'enable'),(1361,'1458266854.51305','file',1354,'enable'),(1362,'1458266857.38204','file',1354,'enable'),(1363,'1458266865.50919','file',1354,'enable'),(1364,'1458266957.60260','file',1354,'enable'),(1365,'1458266992.81032','file',1354,'enable'),(1366,'1458267007.13547','file',1354,'enable'),(1367,'1458267044.66380','file',1354,'enable'),(1368,'1458267176.64724','file',1354,'enable'),(1369,'bfdi5xiC-XAlYpJ-xSlR','file',1345,'enable'),(1370,'AUTH_administrator163com','account',NULL,'enable'),(1371,'normal','container',1370,NULL),(1372,'normal_versions','container',1370,NULL),(1373,'segments','container',1370,NULL),(1374,'recycle','container',1370,NULL),(1375,'meta','dir',1374,NULL),(1376,'user','dir',1374,NULL),(1377,'private','container',1370,NULL),(1378,'private_versions','container',1370,NULL),(1379,'backup','container',1370,NULL),(1380,'backup_versions','container',1370,NULL);
/*!40000 ALTER TABLE `stobj` ENABLE KEYS */;
UNLOCK TABLES;

--
-- Table structure for table `user`
--

DROP TABLE IF EXISTS `user`;
/*!40101 SET @saved_cs_client     = @@character_set_client */;
/*!40101 SET character_set_client = utf8 */;
CREATE TABLE `user` (
  `id` bigint(20) NOT NULL AUTO_INCREMENT,
  `name` varchar(255) NOT NULL,
  `type` int(11) DEFAULT NULL,
  `email` varchar(255) NOT NULL,
  `password` text,
  `state` char(8) DEFAULT NULL,
  PRIMARY KEY (`id`)
) ENGINE=InnoDB AUTO_INCREMENT=5 DEFAULT CHARSET=latin1;
/*!40101 SET character_set_client = @saved_cs_client */;

--
-- Dumping data for table `user`
--

LOCK TABLES `user` WRITE;
/*!40000 ALTER TABLE `user` DISABLE KEYS */;
INSERT INTO `user` VALUES (3,'AUTH_zhu__feng001163com',1,'AUTH_zhu__feng001163com',NULL,'enable'),(4,'AUTH_administrator163com',0,'AUTH_administrator163com',NULL,'enable');
/*!40000 ALTER TABLE `user` ENABLE KEYS */;
UNLOCK TABLES;
/*!40103 SET TIME_ZONE=@OLD_TIME_ZONE */;

/*!40101 SET SQL_MODE=@OLD_SQL_MODE */;
/*!40014 SET FOREIGN_KEY_CHECKS=@OLD_FOREIGN_KEY_CHECKS */;
/*!40014 SET UNIQUE_CHECKS=@OLD_UNIQUE_CHECKS */;
/*!40101 SET CHARACTER_SET_CLIENT=@OLD_CHARACTER_SET_CLIENT */;
/*!40101 SET CHARACTER_SET_RESULTS=@OLD_CHARACTER_SET_RESULTS */;
/*!40101 SET COLLATION_CONNECTION=@OLD_COLLATION_CONNECTION */;
/*!40111 SET SQL_NOTES=@OLD_SQL_NOTES */;

-- Dump completed on 2016-04-12 22:27:29
